64 Rank - wRA35,Year,School,G,ERA,IP,CG,P-H,P-R,ER,P-BB,P-SO,P-SHO,P-BF,OAB,P-2B,P-3B,P-BK,P-HR,P-WP,P-HBP,P-IBB,IR,IRS,SHA,SFA,P,GO,FO,W,L,SV,K-L,PK,P-AVG,P-OBP,P-SLG
"1","2026","Mississippi St.","32","3.41","272","0","216","120","103","108","369","0","1155","1008","37","4","1","29","22","28","2","73","13","1","10","4193","218","199","25","7","6","111","5","0.214","0.305","0.345"
"2","2026","Wake Forest","32","4.78","265.1","1","224","158","141","142","384","6","1182","998","45","5","2","46","21","36","5","90","26","2","4","4583","183","197","23","9","5","29","6","0.224","0.341","0.418"
"3","2026","Oregon St.","30","3.40","270","0","208","116","102","118","383","0","1158","983","31","3","1","22","23","40","1","81","26","9","7","4486","206","193","24","6","12","68","3","0.212","0.319","0.316"
"4","2026","Florida","33","3.72","288","0","239","141","119","119","373","0","1247","1080","46","3","0","15","28","32","1","97","35","8","7","5019","233","224","24","9","9","85","1","0.221","0.315","0.311"
"5","2026","Auburn","31","3.02","268","0","215","108","90","77","340","0","1116","995","45","0","2","23","21","31","0","57","19","8","5","4246","225","216","22","9","6","88","3","0.216","0.292","0.331"
"6","2026","LSU","32","4.67","273.2","0","220","163","142","152","390","0","1232","1022","38","1","0","23","45","41","3","133","48","4","12","5080","206","206","21","11","10","111","1","0.215","0.337","0.322"
"7","2026","Texas","31","3.09","268.1","1","203","106","92","99","347","1","1123","986","50","2","0","17","19","32","0","78","29","5","1","4370","249","181","26","5","9","93","2","0.206","0.299","0.312"
"8","2026","Ole Miss","33","3.75","287.2","0","252","139","120","113","373","0","1227","1069","38","4","1","31","14","26","0","61","24","10","9","4699","235","214","22","11","9","100","11","0.236","0.321","0.366"
"9","2026","West Virginia","27","4.18","236.2","0","199","122","110","107","284","0","1032","872","28","4","0","25","20","44","2","66","27","4","5","3868","204","178","21","6","8","44","1","0.228","0.340","0.356"
"10","2026","Florida St.","31","3.93","261","1","206","129","114","121","339","1","1133","965","37","5","1","22","33","22","4","69","27","14","10","4489","199","213","24","7","10","39","2","0.213","0.312","0.331"
"11","2026","Tennessee","31","3.72","278.1","0","225","126","115","96","338","0","1169","1024","32","0","3","32","8","37","1","72","27","8","4","4525","225","239","20","11","4","104","7","0.220","0.308","0.345"
"12","2026","Southern California","32","3.21","280.2","0","197","110","100","131","317","0","1191","1019","36","3","1","19","30","25","1","63","24","8","8","4779","218","284","27","5","12","100","1","0.193","0.298","0.290"
"13","2026","Jacksonville St.","33","3.54","290","0","224","127","114","140","347","0","1244","1046","41","7","5","20","32","40","1","57","16","6","10","4337","257","220","27","6","9","83","4","0.214","0.327","0.324"
"14","2026","Clemson","32","4.15","268.2","1","219","152","124","96","314","0","1154","995","52","6","1","28","11","41","2","57","31","11","10","1104","235","217","20","12","7","87","6","0.220","0.312","0.369"
"15","2026","Oregon","32","3.53","280.2","1","189","120","110","119","336","0","1173","980","40","3","2","22","19","51","1","50","18","15","8","4221","221","245","24","8","8","100","9","0.193","0.310","0.307"
"16","2026","California Baptist","32","3.15","291","0","240","120","102","115","383","0","1231","1086","36","4","2","31","16","19","2","20","4","8","2","4283","240","209","26","6","9","94","0","0.221","0.306","0.347"
"17","2026","Vanderbilt","33","5.66","280","1","258","194","176","162","322","0","1284","1050","45","5","5","39","32","49","5","71","36","10","13","4747","258","225","19","14","3","77","2","0.246","0.368","0.410"
"18","2026","North Carolina","33","3.57","284.2","2","240","126","113","131","291","1","1228","1042","41","5","2","19","32","34","4","55","26","13","8","4747","260","248","27","5","7","21","6","0.230","0.333","0.334"
"19","2026","Kentucky","30","4.41","261","0","230","143","128","125","282","0","1166","974","49","3","1","23","26","48","1","83","34","6","10","4194","232","231","23","7","9","76","2","0.236","0.348","0.363"
"20","2026","Oklahoma","31","3.95","262","1","211","131","115","130","316","0","1131","951","38","5","2","22","18","36","3","73","32","8","6","4421","228","193","21","10","5","91","4","0.222","0.336","0.342"
"21","2026","Nebraska","31","4.37","265.2","2","213","142","129","134","303","0","1162","977","45","5","5","19","22","38","2","85","35","3","8","4653","228","229","25","6","9","70","3","0.218","0.333","0.333"
"22","2026","Arizona St.","32","5.10","279","0","273","172","158","144","345","0","1253","1071","44","5","2","30","21","22","2","66","32","9","7","5057","206","242","23","9","5","36","8","0.255","0.353","0.389"
"23","2026","UCLA","30","3.31","261","0","225","105","96","96","297","0","1101","973","36","2","1","32","10","26","1","77","21","3","2","4420","217","226","28","2","7","69","4","0.231","0.316","0.371"
"24","2026","Georgia","33","4.37","280","1","247","143","136","134","349","1","1221","1049","53","2","0","28","22","25","1","90","35","6","6","3861","272","178","27","6","8","81","2","0.235","0.334","0.370"
"25","2026","Liberty","31","4.37","272","0","230","143","132","112","298","0","1174","1000","51","4","1","18","12","35","1","22","14","15","12","4246","256","222","22","9","10","76","3","0.230","0.325","0.343"
"26","2026","Arizona","31","5.72","280","0","313","201","178","130","300","0","1306","1102","60","11","2","24","27","27","6","83","40","30","15","4852","243","244","10","21","4","25","7","0.284","0.369","0.424"
"27","2026","Boston College","33","3.90","286","0","262","147","124","133","278","2","1276","1073","50","4","5","19","23","42","2","52","27","10","18","4666","225","306","22","11","9","46","3","0.244","0.345","0.351"
"28","2026","Virginia Tech","29","7.73","248","0","301","229","213","152","292","0","1201","1003","54","6","6","47","23","26","10","90","46","10","10","4636","193","216","14","15","6","27","7","0.300","0.402","0.506"
"29","2026","Arkansas","33","4.23","285","1","255","149","134","106","339","1","1228","1079","37","1","3","38","19","28","1","51","26","9","6","4357","264","219","20","13","4","114","3","0.236","0.319","0.378"
"30","2026","UCF","28","4.19","249","0","203","132","116","99","220","5","1066","916","30","1","2","25","16","33","2","114","48","8","10","4071","255","235","19","9","6","23","4","0.222","0.317","0.338"
"31","2026","Alabama","33","3.63","282.1","1","236","133","114","113","294","1","1209","1044","34","1","1","25","12","31","4","45","13","15","6","4399","267","242","25","8","8","79","5","0.226","0.318","0.332"
"32","2026","Louisiana","32","4.84","290","2","253","165","156","126","304","1","1274","1079","42","3","3","50","17","51","4","54","13","13","5","4746","270","255","19","13","7","63","1","0.234","0.341","0.418"
"33","2026","UNCW","31","4.00","272.1","2","225","130","121","110","307","1","1177","999","33","4","3","17","23","45","3","60","27","8","14","4471","230","239","19","12","4","24","0","0.225","0.325","0.317"
"34","2026","Southern Miss.","32","3.81","279","0","264","134","118","98","308","0","1206","1059","42","2","1","24","15","33","0","82","32","10","5","4590","243","240","23","9","10","44","5","0.249","0.331","0.361"
"35","2026","UC Santa Barbara","29","2.89","255","1","199","92","82","100","293","1","1065","923","34","4","2","19","18","25","6","29","9","12","5","4165","209","225","19","10","8","75","6","0.216","0.308","0.323"
"36","2026","Duke","34","5.14","289","0","264","193","165","161","305","2","1348","1100","41","6","6","35","27","61","3","124","53","14","11","5206","264","253","21","13","6","25","1","0.240","0.365","0.384"
"37","2026","Georgia Tech","31","4.20","255","0","232","134","119","126","286","0","1133","963","48","0","1","23","15","28","2","56","17","9","7","4059","212","224","23","5","5","24","5","0.241","0.343","0.362"
"38","2026","South Fla.","32","3.47","280","0","231","123","108","100","258","0","1182","1027","33","4","5","25","15","37","1","67","20","4","14","4190","239","305","24","8","10","85","1","0.225","0.312","0.338"
"39","2026","NC State","32","4.18","266.2","0","213","144","124","128","329","0","1143","968","41","3","3","34","12","30","4","45","22","10","7","4602","198","218","21","11","7","30","11","0.220","0.327","0.374"
"40","2026","Notre Dame","27","5.55","232","1","260","161","143","98","231","1","1066","927","52","5","3","25","20","23","3","52","22","7","11","3874","226","211","15","11","2","25","2","0.280","0.360","0.428"
"41","2026","Indiana","30","6.32","257.2","0","281","193","181","145","263","0","1240","1007","58","11","5","33","26","62","3","79","39","13","13","4796","201","270","11","19","4","79","3","0.279","0.398","0.457"
"42","2026","South Carolina","33","4.55","280.2","0","248","162","142","156","302","0","1270","1055","43","1","2","34","22","30","7","91","32","14","14","4566","245","259","15","18","5","85","3","0.235","0.346","0.374"
"43","2026","Miami (FL)","31","4.54","271.1","0","252","157","137","116","329","0","1201","1033","52","3","3","33","14","35","3","62","28","5","9","4338","211","231","24","7","2","22","10","0.244","0.338","0.396"
"44","2026","Cincinnati","33","5.24","285","0","278","189","166","127","310","0","1285","1100","46","4","1","47","23","36","5","67","31","14","8","4792","249","254","20","12","10","41","0","0.253","0.347","0.430"
"45","2026","Gonzaga","29","5.42","249","1","229","164","150","136","266","0","1133","932","45","3","1","26","29","39","1","26","13","13","13","4358","218","232","15","14","6","58","0","0.246","0.361","0.384"
"46","2026","Oklahoma St.","31","5.80","262.1","1","265","188","169","142","317","0","1210","1023","42","3","2","37","30","32","1","58","25","5","8","4784","219","210","20","11","8","25","4","0.259","0.364","0.414"
"47","2026","Louisiana Tech","33","5.27","281.2","0","288","188","165","135","293","2","1289","1082","53","3","3","24","28","49","3","71","35","11","12","5051","246","254","17","16","8","34","4","0.266","0.369","0.387"
"48","2026","East Carolina","33","4.54","273.1","0","254","156","138","116","308","0","1226","1035","33","2","1","39","22","50","4","72","29","16","9","4623","229","233","20","11","7","19","3","0.245","0.347","0.394"
"49","2026","Texas A&M","31","4.57","256","1","254","138","130","82","261","1","1122","994","35","2","2","43","9","31","4","60","10","6","9","4236","213","270","25","6","8","70","2","0.256","0.329","0.425"
"50","2026","Rutgers","30","5.14","252.1","0","262","161","144","121","256","0","1138","974","60","4","6","27","20","19","0","78","27","10","13","4243","237","218","16","14","4","41","3","0.269","0.357","0.422"
"51","2026","Baylor","31","5.15","269.1","0","283","172","154","108","249","0","1205","1040","56","5","2","30","19","27","4","59","31","15","14","4673","224","284","18","13","4","21","5","0.272","0.352","0.422"
"52","2026","Washington","31","4.95","267.1","0","262","166","147","114","289","0","1193","1022","78","3","1","25","16","35","2","45","17","11","11","4576","193","272","15","16","4","51","3","0.256","0.348","0.412"
"53","2026","Missouri","32","5.51","269.1","0","237","183","165","175","298","0","1232","994","46","2","6","35","23","36","3","95","33","13","13","4969","210","250","18","14","6","36","8","0.238","0.368","0.394"
"54","2026","Pittsburgh","29","5.47","242","0","251","172","147","110","224","0","1102","948","41","3","1","35","18","30","3","57","27","9","5","4052","244","216","20","9","4","25","6","0.265","0.358","0.425"
"55","2026","Ohio St.","29","6.01","254.2","1","255","193","170","163","281","1","1212","988","50","4","1","36","28","43","2","37","15","8","10","4597","226","223","16","13","3","58","1","0.258","0.383","0.426"
"56","2026","Michigan","30","4.47","261.2","1","262","137","130","120","227","1","1178","996","42","11","3","18","17","40","5","82","33","12","10","4379","250","257","16","14","12","28","2","0.263","0.362","0.382"
"57","2026","Campbell","31","4.58","267","1","241","163","136","117","295","0","1213","1023","60","4","8","27","36","54","3","61","23","9","10","4604","251","221","21","10","7","23","2","0.236","0.342","0.381"
"58","2026","Western Ky.","32","5.15","279.2","0","294","180","160","114","274","0","1262","1073","74","5","2","28","26","40","2","99","37","18","17","4465","257","264","16","15","5","65","6","0.274","0.360","0.431"
"59","2026","Missouri St.","29","5.83","247","0","277","185","160","139","268","0","1175","977","55","5","2","33","26","45","0","67","27","5","9","4557","237","193","20","9","9","69","1","0.284","0.394","0.451"
"60","2026","Iowa","29","6.31","248.1","0","241","179","174","130","242","0","1153","941","51","5","2","29","24","55","0","82","43","10","16","4371","206","265","16","12","5","38","4","0.256","0.373","0.413"
"61","2026","App State","30","5.45","262.2","0","256","194","159","144","283","0","1237","1009","57","3","1","21","31","60","2","50","29","12","12","3519","213","254","16","14","6","87","4","0.254","0.376","0.379"
"62","2026","TCU","30","6.53","252.1","0","302","203","183","140","247","0","1209","1013","54","4","1","32","28","38","3","79","40","7","11","4445","231","232","18","11","6","40","2","0.298","0.399","0.454"
"63","2026","Kansas St.","31","6.00","264","2","288","197","176","105","249","0","1203","1037","61","6","2","41","27","41","2","68","32","12","8","4498","271","226","20","10","7","26","3","0.278","0.364","0.467"
"64","2026","Houston","30","6.25","260.2","0","270","208","181","137","242","0","1205","1004","59","4","0","25","32","39","1","91","43","10","15","4699","267","230","15","15","8","26","4","0.269","0.373","0.410"
"65","2026","Stanford","28","6.55","247.1","0","296","206","180","167","269","0","1215","1001","58","6","3","28","28","26","6","80","34","8","13","4884","203","231","14","14","5","22","5","0.296","0.405","0.450"
"66","2026","Middle Tenn.","32","4.75","267.1","0","285","178","141","134","254","0","1239","1048","44","4","3","34","30","39","2","14","10","10","7","4624","252","251","16","16","7","71","3","0.272","0.373","0.419"
"67","2026","Kansas","32","5.97","274.1","0","293","204","182","129","299","0","1265","1070","58","9","2","38","19","39","1","67","28","12","14","4937","257","228","22","10","5","47","1","0.274","0.368","0.451"
"68","2026","Portland","29","3.08","251.2","0","214","105","86","103","231","0","1082","934","36","3","2","15","19","25","0","38","11","14","6","2207","254","230","19","10","13","71","3","0.229","0.320","0.322"
"69","2026","Tulane","33","4.79","280","1","271","168","149","147","291","0","1276","1067","56","0","1","28","21","36","7","125","45","14","10","4758","252","253","17","16","6","34","4","0.254","0.360","0.385"
"70","2026","Hawaii","29","3.34","259","0","213","116","96","101","262","0","1115","955","50","4","1","12","15","35","15","79","29","17","7","4143","237","246","16","13","6","63","5","0.223","0.318","0.321"
"71","2026","South Alabama","32","4.67","268","1","262","156","139","131","275","0","1218","1022","44","5","1","19","16","36","2","21","11","18","11","4606","233","257","19","13","4","61","4","0.256","0.357","0.365"
"72","2026","California","30","4.51","259.2","0","249","168","130","134","257","0","1177","979","51","5","5","25","26","36","5","77","23","14","12","4592","234","230","14","16","6","25","1","0.254","0.361","0.393"
"73","2026","Coastal Carolina","31","5.03","266.2","1","263","168","149","127","245","1","1218","1016","52","2","2","31","22","49","0","33","8","17","9","4433","259","243","22","7","8","39","1","0.259","0.366","0.406"
"74","2026","Northwestern St.","31","4.15","282","1","258","147","130","100","296","0","1231","1066","43","9","1","23","30","39","1","43","14","13","13","4589","256","257","21","10","7","32","1","0.242","0.326","0.364"
"75","2026","Samford","30","6.29","251.2","1","276","190","176","119","268","1","1160","991","52","2","4","38","34","33","0","68","28","9","8","1140","227","229","14","16","4","58","0","0.279","0.372","0.450"
"76","2026","Arkansas St.","31","3.79","275.1","0","248","135","116","95","253","0","1180","1029","36","4","1","31","10","34","3","55","17","18","4","4336","277","241","19","12","12","46","2","0.241","0.324","0.374"
"77","2026","Sacramento St.","32","5.13","272","1","267","184","155","115","270","1","1233","1058","51","3","2","28","29","39","0","77","39","11","8","4602","261","257","12","20","5","68","0","0.252","0.345","0.386"
"78","2026","Illinois St.","31","5.02","268.2","0","265","181","150","115","259","0","1208","1014","46","1","2","21","30","45","0","21","10","16","18","2951","245","257","19","12","6","83","4","0.261","0.357","0.371"
"79","2026","Navy","29","3.23","248","1","201","110","89","110","282","1","1069","912","51","8","4","13","30","23","1","12","3","14","10","3673","195","236","18","11","6","71","3","0.220","0.317","0.337"
"80","2026","Minnesota","30","4.02","259.2","0","223","131","116","98","248","2","1121","958","53","4","1","26","15","43","1","16","7","12","9","4264","256","236","17","12","6","68","1","0.233","0.329","0.378"
"81","2026","McNeese","32","4.91","287.2","1","285","188","157","153","330","0","1323","1109","48","2","2","36","23","42","2","73","31","7","11","5066","225","255","15","16","5","62","5","0.257","0.365","0.401"
"82","2026","Virginia","33","4.96","285","0","269","196","157","144","312","0","1299","1096","52","5","3","29","29","34","1","59","29","13","12","5023","252","251","24","9","7","22","3","0.245","0.348","0.381"
"83","2026","Troy","32","5.59","272","0","294","188","169","130","300","0","1257","1059","58","3","1","40","26","40","1","65","28","11","16","4712","240","229","15","17","8","50","3","0.278","0.373","0.451"
"84","2026","DBU","32","6.40","274.1","0","272","204","195","162","286","0","1291","1041","41","6","4","40","22","66","2","19","5","10","11","4893","281","211","17","14","8","63","2","0.261","0.391","0.427"
"85","2026","Illinois","29","4.52","254.2","0","232","147","128","92","224","0","1111","956","53","7","3","23","15","36","0","23","8","16","10","3568","257","248","15","14","4","56","3","0.243","0.329","0.385"
"86","2026","Santa Clara","30","5.13","256","0","233","161","146","148","273","0","1152","960","51","6","5","37","21","22","0","67","29","10","12","4170","240","220","13","17","8","75","1","0.243","0.353","0.424"
"87","2026","Cal St. Fullerton","30","3.73","270.1","1","247","127","112","91","261","1","1163","1010","45","3","1","21","14","38","2","52","21","11","13","3832","253","258","15","15","7","65","5","0.245","0.326","0.357"
"88","2026","ETSU","29","4.26","247","0","222","134","117","125","231","0","1106","917","35","6","0","27","17","38","3","83","29","11","15","3493","215","254","21","8","7","43","10","0.242","0.352","0.382"
"89","2026","The Citadel","30","5.31","256","0","254","176","151","152","234","0","1211","980","40","7","4","36","34","50","0","85","29","16","13","4602","209","287","14","16","6","70","5","0.259","0.382","0.424"
"90","2026","Charlotte","31","5.78","260","0","281","183","167","136","276","0","1198","1013","56","7","3","24","24","28","4","102","51","15","6","4545","243","216","18","13","5","78","6","0.277","0.376","0.418"
"91","2026","James Madison","30","6.85","253.2","0","278","207","193","158","236","0","1221","985","53","7","5","33","30","54","4","53","26","15","9","4612","246","233","15","15","6","52","10","0.282","0.406","0.451"
"92","2026","San Diego","29","6.62","254.1","0","281","198","187","130","240","0","1210","997","72","3","0","41","12","48","5","61","22","17","18","4360","206","274","12","17","4","20","4","0.282","0.385","0.483"
"93","2026","Utah","29","6.85","253.2","0","311","224","193","127","220","0","1220","1042","66","9","1","41","17","32","4","71","33","9","10","4566","221","280","16","13","8","33","3","0.298","0.388","0.497"
"94","2026","UC Irvine","31","4.93","272","0","264","172","149","100","260","0","1210","1023","47","8","5","22","30","48","2","69","37","26","13","4534","241","290","14","17","7","84","5","0.258","0.348","0.384"
"95","2026","Georgia St.","33","6.29","287.2","0","282","230","201","209","266","0","1397","1100","62","4","5","33","45","64","0","21","11","9","15","5438","262","289","15","18","7","68","4","0.256","0.400","0.410"
"96","2026","Wichita St.","33","4.86","277.2","0","286","183","150","121","309","2","1258","1077","52","8","3","26","18","30","0","91","41","16","10","4980","253","224","21","12","7","22","6","0.266","0.353","0.401"
"97","2026","San Diego St.","33","5.62","289.2","0","293","204","181","130","309","0","1325","1123","56","11","3","37","38","43","1","43","26","16","13","4982","248","274","18","15","9","32","3","0.261","0.356","0.429"
"98","2026","Northeastern","30","5.94","257.2","0","240","188","170","142","226","0","1199","963","40","4","1","17","37","59","0","57","31","19","16","4250","262","240","16","13","7","60","3","0.249","0.374","0.352"
"99","2026","VCU","31","4.46","270.2","0","228","167","134","155","268","0","1239","1006","38","3","2","28","17","45","3","35","20","18","14","4895","203","305","17","13","7","40","2","0.227","0.351","0.354"
"100","2026","Sam Houston","30","5.44","254.2","1","275","180","154","122","241","1","1188","1005","57","4","1","42","28","40","0","66","29","15","6","4604","224","264","14","16","7","56","1","0.274","0.373","0.464"
"101","2026","BYU","30","6.72","259.2","0","285","213","194","166","255","0","1263","1001","67","4","2","37","45","62","1","96","33","14","18","5080","209","258","13","16","3","35","4","0.285","0.411","0.471"
"102","2026","Louisville","32","6.75","268","0","310","212","201","180","286","0","1306","1069","59","2","0","40","29","43","3","123","50","5","9","5048","248","221","19","13","6","78","9","0.290","0.410","0.461"
"103","2026","Kennesaw St.","28","6.39","238","0","260","197","169","144","225","0","1137","930","50","3","3","40","25","41","4","27","12","6","14","4327","210","235","15","13","8","59","1","0.280","0.394","0.469"
"104","2026","Cal Poly","30","5.14","274.2","0","284","167","157","119","279","0","1255","1073","64","11","2","15","24","42","0","55","25","11","10","4787","214","291","17","13","10","29","5","0.265","0.358","0.387"
"105","2026","San Jose St.","31","6.87","271.1","2","313","223","207","152","243","3","1311","1078","55","10","1","29","29","50","4","86","35","19","12","4548","227","308","13","18","4","64","3","0.290","0.399","0.441"
"106","2026","Texas St.","31","5.56","265.2","0","272","180","164","125","287","0","1206","1022","65","7","0","34","39","44","2","21","10","8","7","4314","279","180","21","10","6","65","6","0.266","0.368","0.443"
"107","2026","Princeton","26","6.95","213.2","1","222","183","165","133","168","1","1039","810","45","2","8","30","38","71","2","22","17","10","15","3755","212","211","7","19","3","31","2","0.274","0.414","0.446"
"108","2026","Fla. Atlantic","32","6.02","281","1","316","208","188","150","281","0","1338","1105","58","5","6","24","21","50","6","81","29","13","18","5108","268","248","14","17","4","29","1","0.286","0.390","0.413"
"109","2026","Southern Ill.","29","5.38","251","1","227","172","150","161","235","1","1150","915","42","3","2","23","35","43","5","12","5","21","10","4441","239","232","12","17","8","68","8","0.248","0.382","0.376"
"110","2026","Nicholls","34","4.81","295.2","0","270","201","158","166","315","0","1334","1101","57","2","1","31","40","38","0","86","31","14","10","5114","280","229","17","17","4","20","7","0.245","0.360","0.385"
"111","2026","Texas Tech","31","7.36","263","1","323","247","215","159","256","0","1292","1084","52","7","1","59","14","34","1","68","35","4","10","5057","246","247","18","13","1","65","2","0.298","0.401","0.522"
"112","2026","Wright St.","28","5.16","240.2","0","216","153","138","137","208","0","1095","895","40","3","2","30","20","42","3","66","27","8","12","3735","242","231","14","14","7","54","2","0.241","0.364","0.393"
"113","2026","Saint Mary's (CA)","30","5.18","262.1","0","270","176","151","127","245","0","1199","1006","53","5","3","23","32","35","2","45","25","16","15","3828","228","276","17","13","8","48","5","0.268","0.365","0.400"
"114","2026","Mercer","32","5.65","266","0","258","193","167","140","302","0","1248","1032","52","3","9","25","27","54","1","87","46","7","15","4776","216","248","24","8","4","27","1","0.250","0.364","0.379"
"115","2026","Tarleton St.","31","4.87","277.1","0","260","169","150","123","255","0","1225","1030","41","7","1","25","23","43","5","61","22","15","14","2539","273","246","21","10","12","53","1","0.252","0.352","0.379"
"116","2026","Michigan St.","28","5.57","239","0","271","167","148","87","191","0","1099","961","59","3","2","33","18","33","0","49","22","9","9","3858","240","258","10","18","3","40","0","0.282","0.359","0.453"
"117","2026","Marshall","30","6.57","260.1","0","299","219","190","127","272","0","1243","1028","57","9","1","29","34","42","3","45","24","31","13","3888","275","199","14","16","6","72","4","0.291","0.387","0.448"
"118","2026","FGCU","31","5.04","267.2","2","259","175","150","126","318","2","1226","1019","57","5","2","24","30","50","2","52","28","20","10","4718","185","252","20","11","4","27","5","0.254","0.361","0.391"
"119","2026","Towson","28","6.14","236","0","250","183","161","121","240","0","1099","915","38","9","1","27","24","45","0","6","1","10","8","3875","235","191","13","15","5","61","2","0.273","0.382","0.423"
"120","2026","Penn St.","28","8.56","229.1","0","305","252","218","147","200","0","1170","943","72","9","0","30","28","46","3","79","33","12","21","4455","224","224","8","20","0","52","3","0.323","0.430","0.514"
"121","2026","Northwestern","27","7.47","227.2","0","277","211","189","121","174","0","1105","919","57","7","1","47","20","42","5","55","26","11","12","3836","228","241","11","15","4","46","5","0.301","0.402","0.532"
"122","2026","Southern Ind.","32","5.03","272","1","250","174","152","143","226","1","1230","1010","42","7","10","15","49","54","1","29","16","9","13","3815","258","285","19","13","7","59","5","0.248","0.366","0.348"
"123","2026","Murray St.","32","5.55","266","0","264","185","164","139","251","0","1242","1025","49","9","5","26","25","58","1","38","30","11","9","4831","210","295","18","12","10","68","6","0.258","0.374","0.399"
"124","2026","Stony Brook","28","6.35","241","0","280","211","170","159","230","0","1179","954","52","6","16","30","37","39","6","27","18","16","11","4557","225","219","9","16","4","54","9","0.294","0.411","0.455"
"125","2026","Saint Joseph's","30","5.66","261","0","256","197","164","128","313","0","1232","1006","53","5","4","24","33","68","4","55","23","13","16","2565","197","237","19","10","8","77","1","0.254","0.371","0.389"
"126","2026","Delaware","32","7.05","268","0","296","249","210","199","239","0","1323","1055","72","2","5","36","34","42","3","49","26","7","19","4719","252","262","9","22","3","55","4","0.281","0.408","0.455"
"127","2026","North Florida","32","5.11","271","1","261","181","154","145","279","0","1255","1036","58","5","1","19","22","41","2","51","25","16","16","2182","264","237","18","14","4","57","3","0.252","0.361","0.373"
"128","2026","New Mexico St.","30","7.75","248.2","0","289","253","214","181","229","0","1238","991","50","8","1","41","29","40","4","16","9","12","13","4549","237","233","14","16","3","59","1","0.292","0.416","0.482"
"129","2026","Seton Hall","23","6.18","199.2","0","220","161","137","104","191","0","948","788","48","4","1","18","22","34","0","5","1","7","14","3569","189","188","11","12","8","55","1","0.279","0.381","0.419"
"130","2026","Rice","33","4.82","285.2","0","287","172","153","147","215","0","1303","1079","51","6","2","29","28","45","1","75","37","16","14","4758","251","326","19","14","9","19","7","0.266","0.373","0.405"
"131","2026","Grand Canyon","32","6.42","266.1","1","337","208","190","123","234","3","1270","1083","73","7","2","28","24","35","4","39","25","18","11","4642","233","274","10","21","5","19","4","0.311","0.395","0.469"
"132","2026","Maryland","30","7.56","258.1","0","304","248","217","164","257","0","1284","1032","66","5","3","37","27","64","0","43","18","16","7","4877","241","222","13","17","5","50","5","0.295","0.420","0.476"
"133","2026","Niagara","24","5.44","205","0","200","136","124","126","193","0","954","774","25","8","2","17","23","32","3","18","8","13","9","3231","175","207","10","13","8","46","5","0.258","0.380","0.377"
"134","2026","Elon","31","5.48","269.1","0","271","192","164","131","228","0","1222","1029","54","4","2","22","33","29","2","69","29","18","15","4469","254","274","13","18","8","20","12","0.263","0.358","0.388"
"135","2026","Creighton","29","6.18","252","0","278","193","173","143","233","0","1202","979","55","6","1","35","24","49","11","91","46","15","16","3783","225","254","14","15","5","63","0","0.284","0.396","0.460"
"136","2026","UTSA","32","4.88","278.1","0","283","180","151","122","227","0","1270","1086","48","6","0","29","20","35","4","73","35","15","9","4694","276","290","22","10","5","23","2","0.261","0.351","0.396"
"137","2026","Indiana St.","31","6.67","269.2","0","290","233","200","164","251","0","1310","1079","62","4","2","44","31","40","5","58","16","11","15","4875","260","271","16","15","5","46","2","0.269","0.381","0.456"
"138","2026","George Mason","29","5.61","252","0","250","175","157","135","239","0","1165","963","40","4","2","28","31","48","0","41","27","13","6","3777","237","241","15","14","10","58","2","0.260","0.376","0.397"
"139","2026","Bryant","29","5.51","238.1","0","247","169","146","124","231","0","1107","920","56","3","2","19","33","40","3","18","6","14","9","3377","213","233","17","12","7","63","10","0.268","0.376","0.398"
"140","2026","UNLV","32","8.18","271.2","1","320","270","247","176","309","0","1344","1080","64","13","14","26","46","59","0","70","40","12","16","5024","226","223","18","14","3","41","11","0.296","0.417","0.452"
"141","2026","Penn","25","5.19","196","0","210","140","113","90","165","0","918","763","45","2","2","12","25","39","1","33","19","20","6","2112","209","181","8","15","6","37","1","0.275","0.378","0.387"
"142","2026","Col. of Charleston","31","5.48","267.2","0","313","189","163","116","207","0","1244","1064","54","11","5","24","12","32","6","69","30","21","11","4414","247","293","11","19","3","19","2","0.294","0.377","0.433"
"143","2026","Harvard","21","6.14","174.1","0","181","139","119","95","121","0","821","676","42","4","2","18","23","37","1","22","17","5","8","3041","176","202","5","16","4","17","3","0.268","0.384","0.422"
"144","2026","St. John's (NY)","31","5.86","271.2","1","274","191","177","149","205","0","1258","1033","41","11","2","16","18","47","3","47","20","13","16","4763","281","282","14","17","7","47","2","0.265","0.378","0.373"
"145","2026","Yale","25","5.17","226.1","1","214","147","130","103","220","1","1029","865","43","2","1","17","28","36","5","25","12","12","12","3828","196","242","16","9","4","53","2","0.247","0.347","0.361"
"146","2026","Quinnipiac","29","6.69","249","0","282","206","185","133","262","0","1196","992","57","7","2","18","30","46","0","18","8","11","14","3970","226","216","13","16","4","68","6","0.284","0.389","0.410"
"147","2026","UConn","33","5.19","286","0","324","197","165","119","277","0","1325","1139","56","12","4","35","21","32","4","49","13","23","11","3959","274","262","16","16","7","52","1","0.284","0.365","0.447"
"148","2026","Little Rock","31","5.45","266","0","258","180","161","143","241","4","1208","1015","50","3","3","36","22","37","7","86","39","5","7","4174","266","254","19","12","12","34","7","0.254","0.364","0.416"
"149","2026","Wofford","32","4.66","264.2","0","286","160","137","102","268","0","1197","1048","41","8","0","26","20","31","1","46","19","8","8","2420","230","260","21","11","4","74","7","0.273","0.352","0.402"
"150","2026","Jacksonville","32","5.30","266.2","0","282","187","157","152","246","0","1245","1030","45","4","3","37","25","31","1","18","5","14","17","4562","218","291","15","17","7","70","7","0.274","0.378","0.433"
"151","2026","Purdue","30","5.59","262.1","0","299","178","163","118","210","0","1222","1042","45","6","2","32","22","36","9","101","27","12","14","4377","262","282","20","10","9","54","2","0.287","0.374","0.434"
"152","2026","Southeast Mo. St.","32","5.27","273","2","307","170","160","95","263","1","1223","1074","50","5","1","33","33","38","0","62","13","9","7","3591","269","242","22","10","9","67","3","0.286","0.362","0.434"
"153","2026","Hofstra","26","6.46","217.1","0","231","183","156","153","184","0","1062","825","52","5","5","19","43","55","1","35","17","14","15","3892","196","223","10","16","4","45","2","0.280","0.419","0.424"
"154","2026","San Francisco","29","5.31","261","0","262","172","154","129","235","0","1185","991","52","5","7","22","17","40","0","50","28","13","12","2026","272","231","16","13","11","42","4","0.264","0.368","0.394"
"155","2026","Austin Peay","32","6.21","275.1","1","275","231","190","157","260","0","1306","1066","56","8","3","38","23","55","6","49","26","14","13","5061","261","265","16","16","7","60","3","0.258","0.377","0.432"
"156","2026","UIC","29","7.04","241.2","0","301","212","189","105","209","0","1155","983","59","6","3","46","18","40","4","52","27","13","14","4183","218","250","8","19","4","42","2","0.306","0.391","0.519"
"157","2026","Bethune-Cookman","32","4.44","245","0","237","150","121","128","236","0","1111","915","43","5","1","13","29","37","0","17","6","16","14","4047","211","229","20","9","4","65","7","0.259","0.367","0.360"
"158","2026","William & Mary","30","7.67","252.1","0","266","233","215","203","234","0","1271","981","42","2","7","31","32","63","1","83","44","9","15","4798","224","259","12","18","4","27","6","0.271","0.422","0.413"
"159","2026","Rhode Island","29","6.95","241","0","247","211","186","134","220","0","1157","941","51","6","4","29","23","64","0","32","13","9","9","3967","222","241","11","18","5","60","1","0.262","0.388","0.422"
"160","2026","Milwaukee","29","8.25","232.1","0","291","261","213","158","199","0","1209","954","56","9","3","26","42","65","2","44","24","10","21","4614","215","254","6","22","0","54","2","0.305","0.429","0.464"
"161","2026","UC Davis","28","5.55","240","0","277","171","148","131","216","0","1111","937","62","7","6","16","17","20","1","69","32","7","16","4219","197","260","11","17","5","59","4","0.296","0.388","0.428"
"162","2026","UAB","32","6.36","270.1","1","318","220","191","133","207","0","1268","1076","71","8","1","39","17","31","0","68","37","12","14","4523","296","263","22","10","5","49","6","0.296","0.384","0.485"
"163","2026","Lipscomb","28","7.12","244","0","285","214","193","148","218","0","1189","976","46","5","0","36","34","46","0","69","33","10","8","4558","244","230","14","14","7","52","2","0.292","0.407","0.460"
"164","2026","Pacific","30","6.72","260","0","309","218","194","167","251","0","1280","1034","63","10","2","28","46","47","3","23","14","12","20","4973","252","237","10","20","5","64","8","0.299","0.412","0.460"
"165","2026","N.C. A&T","30","7.33","251.2","0","283","247","205","169","215","0","1272","1022","53","8","2","25","31","53","1","68","38","12","16","4702","209","301","9","20","5","18","4","0.277","0.401","0.418"
"166","2026","FIU","32","7.31","279.1","0","314","254","227","191","261","0","1377","1115","58","4","9","24","43","36","2","20","16","15","20","5400","258","287","10","22","1","73","6","0.282","0.397","0.405"
"167","2026","SIUE","31","6.93","258.1","1","282","211","199","136","227","0","1210","1010","59","7","4","44","17","46","1","56","37","12","6","4220","245","255","16","15","8","30","6","0.279","0.387","0.482"
"168","2026","UAlbany","24","5.38","209","1","220","161","125","124","151","0","986","803","44","7","1","16","17","25","1","6","4","17","16","3532","204","231","6","18","2","52","3","0.274","0.381","0.406"
"169","2026","Belmont","32","6.37","262.2","1","295","220","186","126","221","0","1233","1013","65","10","4","35","15","52","4","31","9","21","20","3814","246","271","12","20","7","67","7","0.291","0.391","0.479"
"170","2026","ULM","33","6.35","287.2","1","338","228","203","169","284","0","1390","1147","67","7","3","33","29","49","7","63","24","11","14","5155","262","261","18","15","6","34","2","0.295","0.403","0.452"
"171","2026","High Point","31","4.42","273","1","256","160","134","124","256","1","1215","1031","50","5","0","39","19","37","1","56","25","11","12","4424","254","270","21","10","14","65","3","0.248","0.346","0.420"
"172","2026","Brown","24","4.95","201.2","0","199","138","111","128","155","0","945","762","35","6","3","11","24","32","3","19","12","9","14","3294","182","227","12","12","5","43","1","0.261","0.384","0.366"
"173","2026","NIU","27","6.06","233.1","2","219","168","157","122","234","1","1074","875","53","2","1","28","21","54","2","36","6","9","14","3881","177","250","18","9","7","60","2","0.250","0.371","0.411"
"174","2026","Toledo","30","6.17","246.2","1","266","190","169","139","264","0","1158","971","45","4","3","21","37","33","3","10","8","5","10","4420","215","227","15","15","5","82","3","0.274","0.380","0.393"
"175","2026","Kent St.","30","4.84","266","0","248","165","143","101","267","0","1183","1021","55","5","4","42","27","43","1","26","8","7","11","4078","228","268","23","7","10","59","2","0.243","0.333","0.430"
"176","2026","Dartmouth","21","3.94","175.2","0","163","111","77","92","155","0","807","664","41","7","4","8","16","33","0","26","6","10","8","1730","153","185","6","15","4","50","1","0.245","0.361","0.364"
"177","2026","UT Arlington","30","5.23","266.2","0","302","188","155","111","180","0","1222","1057","52","5","1","27","23","25","1","64","32","11","15","4521","276","299","13","17","6","19","3","0.286","0.363","0.421"
"178","2026","Stetson","32","5.63","268.1","0","304","205","168","127","256","0","1252","1076","60","5","2","30","25","28","2","91","47","5","16","4780","254","256","13","19","7","20","4","0.283","0.368","0.431"
"179","2026","UNC Greensboro","32","6.83","270","0","325","231","205","152","228","0","1320","1088","58","8","0","32","21","50","0","82","43","15","15","4847","255","279","13","19","6","29","5","0.299","0.404","0.455"
"180","2026","Cornell","23","7.48","197.1","0","215","190","164","109","179","0","963","769","37","9","4","29","32","57","2","35","24","10","18","3305","181","206","6","17","4","51","2","0.280","0.400","0.464"
"181","2026","Youngstown St.","29","5.69","242","0","267","197","153","155","210","0","1188","957","52","7","4","24","41","43","5","52","20","20","13","4243","226","258","5","24","3","64","2","0.279","0.398","0.423"
"182","2026","Air Force","29","7.77","246.2","0","309","237","213","133","229","0","1209","1009","54","10","4","36","29","41","3","69","38","10","16","4099","232","244","11","18","3","46","2","0.306","0.403","0.487"
"183","2026","Long Beach St.","30","6.69","261","2","269","210","194","166","252","0","1250","992","46","10","3","22","33","60","0","55","39","16","15","4375","222","244","10","20","3","45","5","0.271","0.401","0.404"
"184","2026","A&M-Corpus Christi","31","5.86","269","0","280","197","175","147","271","0","1255","1060","43","6","3","27","28","34","3","117","46","6","7","4848","216","282","14","17","5","20","5","0.264","0.369","0.392"
"185","2026","Columbia","24","7.26","196","0","228","174","158","130","164","0","964","778","44","7","4","24","22","33","2","42","14","14","9","3327","186","199","6","17","4","24","2","0.293","0.412","0.460"
"186","2026","UC San Diego","28","6.67","243","0","291","205","180","108","226","0","1152","980","54","7","4","42","25","42","1","63","25","6","16","3992","202","266","14","14","5","30","6","0.297","0.385","0.495"
"187","2026","Canisius","24","6.97","195","0","223","180","151","124","167","0","951","776","44","9","2","18","27","30","3","15","7","6","15","3679","185","198","9","15","5","40","1","0.287","0.399","0.437"
"188","2026","Georgetown","32","5.13","277","0","266","202","158","123","268","0","1269","1053","58","6","2","29","26","66","0","21","12","15","12","4697","243","271","17","15","9","65","5","0.253","0.363","0.402"
"189","2026","Winthrop","32","4.93","288.1","0","291","185","158","125","250","0","1298","1105","58","4","7","31","33","42","1","70","32","13","13","4903","251","312","22","10","9","27","5","0.263","0.356","0.407"
"190","2026","VMI","31","5.02","260","0","276","169","145","108","237","0","1194","1010","54","4","3","33","28","55","1","24","6","15","6","4378","253","244","23","8","4","64","3","0.273","0.372","0.433"
"191","2026","Fresno St.","29","6.86","245.1","0","298","222","187","141","188","0","1209","997","58","7","2","38","36","43","1","68","33","8","20","4490","216","286","9","18","5","21","0","0.299","0.401","0.485"
"192","2026","Memphis","30","7.90","257.1","0","305","248","226","153","223","0","1259","1022","67","6","4","51","27","42","1","67","34","25","17","4923","233","266","10","20","7","24","2","0.298","0.405","0.525"
"193","2026","St. Bonaventure","29","5.52","234.2","1","258","201","144","141","197","1","1130","929","57","7","3","19","22","31","5","13","4","15","13","3854","226","243","8","21","1","49","4","0.278","0.386","0.416"
"194","2026","Ga. Southern","32","8.76","275.1","0","365","297","268","157","257","0","1388","1134","73","11","4","37","21","58","2","94","62","17","22","4289","243","285","11","21","5","36","3","0.322","0.423","0.504"
"195","2026","Oral Roberts","29","4.39","254.1","0","227","133","124","103","217","0","1101","946","38","2","2","34","20","30","1","18","11","10","11","4089","260","249","17","12","7","45","5","0.240","0.330","0.392"
"196","2026","North Ala.","31","6.66","262.1","0","279","216","194","179","236","0","1270","1010","46","7","3","32","26","57","0","75","34","12","11","4722","218","277","14","17","5","31","11","0.276","0.410","0.431"
"197","2026","Central Ark.","32","6.28","275.1","0","302","230","192","157","246","0","1324","1084","56","6","6","38","26","56","0","73","37","15","11","4718","292","247","15","17","6","58","2","0.279","0.394","0.446"
"198","2026","Abilene Christian","32","6.31","278","0","293","220","195","150","268","0","1310","1077","71","2","2","36","33","47","5","62","34","16","19","4766","234","280","16","16","5","28","4","0.272","0.379","0.442"
"199","2026","Western Ill.","29","8.33","249.2","0","318","253","231","161","227","0","1249","1002","65","4","3","37","25","47","9","24","10","17","21","3494","236","244","7","22","0","65","5","0.317","0.427","0.501"
"200","2026","Lindenwood","31","4.22","270.2","1","269","164","127","104","201","0","1210","1034","60","9","2","16","17","42","2","15","13","16","14","3852","301","267","12","16","2","45","2","0.260","0.348","0.382"
"201","2026","Nevada","27","7.30","231.2","0","284","202","188","130","222","0","1131","928","66","4","2","24","15","50","0","60","23","12","11","4317","193","229","17","10","6","26","8","0.306","0.415","0.463"
"202","2026","Charleston So.","30","5.57","258.1","2","273","178","160","113","233","1","1168","1001","46","7","4","39","26","33","0","61","22","9","11","4270","253","247","20","10","8","77","5","0.273","0.362","0.450"
"203","2026","Old Dominion","31","7.35","259.2","0","335","236","212","135","222","0","1274","1064","55","5","5","31","30","37","4","46","30","15","22","4053","266","245","14","17","5","44","10","0.315","0.403","0.463"
"204","2026","Lamar","32","5.04","283.2","0","260","181","159","170","273","0","1333","1068","42","6","4","21","27","66","3","115","54","21","6","5125","254","274","17","15","6","26","4","0.243","0.379","0.353"
"205","2026","Evansville","29","6.55","246","0","317","217","179","112","214","0","1200","1018","66","4","4","39","23","36","2","13","5","14","20","4095","214","274","8","19","4","61","2","0.311","0.392","0.499"
"206","2026","Fairfield","26","3.98","221.2","0","207","116","98","125","202","0","1012","837","32","3","2","20","19","28","3","14","8","15","6","3225","205","222","14","12","8","64","2","0.247","0.361","0.364"
"207","2026","Bowling Green","28","7.00","231.1","0","316","212","180","122","255","0","1167","960","61","2","0","28","29","54","1","42","21","17","14","3977","192","211","11","17","3","66","4","0.329","0.428","0.484"
"208","2026","Fordham","29","8.26","243","0","292","240","223","143","225","0","1203","968","57","3","0","28","21","58","1","64","41","15","18","4498","226","240","13","16","6","47","3","0.302","0.415","0.454"
"209","2026","Queens (NC)","31","7.59","259.2","0","288","240","219","171","198","0","1281","1010","48","7","4","42","20","64","1","88","37","11","25","3826","234","300","8","23","3","51","6","0.285","0.412","0.471"
"210","2026","UMBC","26","5.43","223.2","1","229","159","135","135","186","1","1059","859","50","5","2","17","21","39","3","23","11","13","13","3423","231","217","16","10","7","49","2","0.267","0.385","0.396"
"211","2026","CSUN","30","5.79","266","0","290","198","171","99","220","0","1220","1042","58","6","6","36","29","55","0","54","26","14","10","4473","255","286","17","13","4","65","4","0.278","0.368","0.449"
"212","2026","Florida A&M","29","5.20","237","0","237","171","137","128","213","0","1101","907","38","4","3","14","32","39","3","13","7","13","13","3504","212","237","14","13","8","67","4","0.261","0.372","0.358"
"213","2026","Army West Point","28","5.49","236","1","241","170","144","138","170","0","1095","906","44","5","0","22","23","32","1","30","15","13","6","3376","250","250","15","13","7","46","1","0.266","0.380","0.398"
"214","2026","Longwood","32","4.23","279","0","281","164","131","99","266","0","1250","1082","55","5","1","18","26","38","1","65","22","20","11","4475","285","245","19","13","8","64","9","0.260","0.340","0.370"
"215","2026","LMU (CA)","34","9.20","280.2","1","370","316","287","189","252","0","1449","1156","85","8","2","44","44","69","0","92","57","10","23","5325","276","262","10","24","3","54","2","0.320","0.437","0.522"
"216","2026","Western Caro.","33","5.40","281.2","1","315","188","169","99","254","1","1273","1117","69","5","4","36","23","36","1","59","24","13","8","4409","269","277","19","13","5","78","5","0.282","0.357","0.449"
"217","2026","North Dakota St.","23","6.94","189.1","0","219","167","146","124","154","0","938","745","51","7","0","22","12","42","0","35","17","16","11","3473","178","198","4","19","2","22","1","0.294","0.418","0.470"
"218","2026","UTRGV","32","6.47","278","0","334","226","200","116","274","0","1289","1110","60","7","4","31","38","31","1","53","28","10","20","4843","235","272","14","18","3","24","6","0.301","0.377","0.451"
"219","2026","Stonehill","26","6.01","215.2","1","234","191","144","124","188","0","1048","858","30","6","5","25","19","34","0","22","11","12","19","4015","215","207","12","14","3","58","2","0.273","0.379","0.409"
"220","2026","Villanova","27","7.26","227","0","273","207","183","115","204","0","1113","914","45","10","4","28","25","51","1","37","13","15","17","4070","188","256","10","16","5","52","3","0.299","0.400","0.462"
"221","2026","Ark.-Pine Bluff","34","5.04","276.2","0","258","217","155","150","245","0","1288","1055","57","10","3","26","38","58","2","37","22","13","12","1641","232","308","14","17","2","51","6","0.245","0.365","0.391"
"222","2026","New Orleans","34","5.67","297","0","306","223","187","189","255","0","1396","1119","49","4","1","33","31","54","2","61","27","18","16","5390","302","263","14","20","6","33","5","0.273","0.398","0.413"
"223","2026","Xavier","33","7.13","284","0","340","238","225","155","252","0","1374","1141","65","8","8","45","24","53","3","85","29","15","10","4736","245","306","12","21","7","51","8","0.298","0.403","0.487"
"224","2026","Monmouth","28","6.80","234.1","0","301","204","177","117","180","0","1130","946","62","4","1","24","40","38","0","17","9","14","13","4115","204","268","15","13","8","43","8","0.318","0.409","0.468"
"225","2026","Siena","27","8.15","198.2","0","237","226","180","171","178","0","1059","815","33","8","2","24","22","42","1","50","29","8","22","3274","169","221","7","17","2","30","3","0.291","0.429","0.439"
"226","2026","Richmond","32","5.17","277","0","273","178","159","121","241","0","1258","1044","62","3","1","32","28","59","6","62","21","19","15","4625","240","292","17","15","11","20","10","0.261","0.366","0.419"
"227","2026","Southeastern La.","32","5.40","278.1","0","283","198","167","146","262","0","1272","1061","46","9","0","35","31","34","4","64","33","16","13","4724","271","245","19","13","5","16","6","0.267","0.369","0.426"
"228","2026","Miami (OH)","30","6.08","248.2","1","279","188","168","101","222","0","1148","994","67","12","1","27","19","35","2","22","10","12","6","3586","235","255","19","10","5","72","5","0.281","0.365","0.454"
"229","2026","Binghamton","25","6.45","208","0","231","170","149","109","203","0","977","816","50","10","5","29","19","27","3","5","1","11","14","3653","167","217","12","13","6","36","2","0.283","0.380","0.475"
"230","2026","Eastern Ill.","28","6.57","235.2","1","258","191","172","115","188","1","1099","941","53","7","2","40","12","18","3","15","9","13","12","3808","195","292","17","11","7","31","1","0.274","0.360","0.473"
"231","2026","Omaha","25","5.98","213.2","0","247","167","142","97","179","0","1011","859","45","9","1","23","27","30","5","33","13","18","7","3408","217","210","10","15","5","37","0","0.288","0.377","0.441"
"232","2026","Radford","28","5.69","250","0","270","180","158","112","215","0","1151","977","58","10","4","22","22","36","6","51","23","14","11","4109","263","234","14","14","8","51","4","0.276","0.368","0.424"
"233","2026","New Mexico","31","6.56","267.2","0","323","219","195","133","246","0","1278","1071","73","8","1","29","20","42","5","59","31","10","22","4804","238","274","19","11","10","18","1","0.302","0.393","0.466"
"234","2026","Pepperdine","31","6.33","265.2","0","312","215","187","122","202","0","1260","1055","79","7","0","24","36","49","2","75","39","14","16","4681","262","275","10","21","6","31","5","0.296","0.389","0.452"
"235","2026","Utah Valley","30","6.10","251","0","266","202","170","147","212","0","1186","993","69","6","2","24","36","31","4","64","29","6","9","4421","252","256","14","16","6","23","3","0.268","0.376","0.422"
"236","2026","Saint Louis","31","5.86","261","0","279","185","170","138","208","0","1231","1012","52","6","5","30","15","53","3","73","24","18","10","1509","243","291","13","18","7","52","2","0.276","0.387","0.428"
"237","2026","Western Mich.","28","5.98","237.2","0","253","187","158","160","202","0","1140","918","52","3","3","32","25","37","6","53","27","9","16","3953","229","245","14","14","9","53","4","0.276","0.398","0.443"
"238","2026","Lafayette","26","8.89","209.2","0","281","255","207","148","169","0","1105","880","56","8","1","28","25","49","1","53","38","12","15","3202","197","233","7","19","2","39","4","0.319","0.438","0.497"
"239","2026","SFA","33","5.54","277.2","0","313","194","171","134","281","2","1313","1108","50","3","2","25","28","40","6","96","46","19","11","4400","248","256","18","15","3","23","3","0.282","0.377","0.401"
"240","2026","Valparaiso","27","7.70","215","2","293","214","184","102","172","1","1060","894","59","5","2","31","19","38","0","31","17","9","17","3085","211","219","8","19","2","51","3","0.328","0.412","0.509"
"241","2026","Mount St. Mary's","28","6.92","227.2","0","248","201","175","167","249","0","1126","897","48","6","2","30","14","40","5","16","12","14","8","3555","197","191","13","13","6","67","6","0.276","0.409","0.444"
"242","2026","Marist","30","7.51","238.1","0","294","228","199","159","187","0","1210","962","58","7","4","25","30","52","2","43","27","10","25","4353","197","297","10","19","3","63","6","0.306","0.422","0.458"
"243","2026","Oakland","25","8.52","200.2","0","273","232","190","131","130","0","1042","831","52","4","2","26","30","61","3","75","32","7","12","3815","213","209","6","19","3","29","6","0.329","0.449","0.495"
"244","2026","Rider","25","5.19","218.2","1","218","137","126","125","158","0","996","823","40","1","1","22","17","31","1","31","12","5","12","3388","210","244","16","8","2","43","7","0.265","0.377","0.396"
"245","2026","Washington St.","30","6.46","253.2","0","290","203","182","133","186","0","1195","997","59","7","1","28","22","33","1","78","50","13","18","4357","253","266","14","15","5","27","8","0.291","0.386","0.448"
"246","2026","Lehigh","27","8.09","218","0","270","219","196","145","208","0","1100","879","58","12","9","18","24","52","3","44","32","10","14","3626","212","195","6","21","3","59","3","0.307","0.428","0.462"
"247","2026","Central Mich.","27","7.29","237","0","296","225","192","152","202","0","1193","960","58","7","5","35","27","48","3","69","37","12","21","4265","228","243","11","16","2","59","1","0.308","0.420","0.493"
"248","2026","Holy Cross","28","7.72","229.2","1","262","225","197","138","206","1","1138","909","49","6","6","35","23","56","3","28","16","19","13","3728","195","256","12","16","2","60","2","0.288","0.409","0.471"
"249","2026","UT Martin","31","6.52","269","1","345","236","195","117","197","0","1302","1101","64","1","2","37","33","53","0","72","43","15","16","4774","247","303","15","16","6","47","5","0.313","0.400","0.474"
"250","2026","Houston Christian","32","7.39","266.2","1","314","237","219","136","265","0","1261","1061","60","14","2","38","23","37","6","37","14","11","16","4334","224","263","14","18","6","30","6","0.296","0.390","0.486"
"251","2026","George Washington","30","6.43","259","0","270","212","185","160","215","0","1223","983","59","8","0","24","33","48","1","56","31","16","14","3936","246","261","11","19","7","54","4","0.275","0.397","0.424"
"252","2026","Bucknell","28","5.65","235.2","1","242","193","148","162","211","0","1144","907","45","6","3","22","25","47","1","45","28","17","11","3909","217","237","17","11","9","57","2","0.267","0.400","0.402"
"253","2026","La Salle","33","7.23","274","0","277","255","220","214","242","0","1331","1027","64","12","5","30","40","59","3","27","13","11","20","4071","230","281","13","18","4","68","4","0.270","0.417","0.443"
"254","2026","Wagner","28","8.07","236.1","1","314","274","212","194","177","0","1252","978","62","5","6","19","39","56","3","18","12","11","12","4005","261","216","9","16","4","48","6","0.321","0.455","0.453"
"255","2026","Massachusetts","23","8.11","193","0","205","188","174","143","183","0","954","739","41","8","3","16","20","42","0","31","16","15","15","3224","142","215","6","17","3","52","4","0.277","0.415","0.419"
"256","2026","USC Upstate","33","6.76","282.1","0","323","236","212","156","242","0","1336","1123","71","4","2","51","24","41","0","74","29","12","3","4836","265","284","16","17","9","52","13","0.288","0.393","0.494"
"257","2026","South Dakota St.","28","7.50","232.2","0","271","212","194","157","193","0","1155","929","54","7","2","32","20","45","3","84","39","10","14","3945","227","246","8","18","3","18","1","0.292","0.413","0.468"
"258","2026","Seattle U","27","6.46","231.1","1","274","191","166","105","229","0","1092","925","63","7","1","31","31","33","1","43","12","13","15","3466","224","203","8","19","4","61","2","0.296","0.382","0.480"
"259","2026","Bellarmine","30","7.78","253.1","0","330","261","219","140","168","0","1246","1049","64","18","5","38","29","32","0","18","7","11","14","4053","271","280","13","17","4","62","1","0.315","0.406","0.519"
"260","2026","LIU","24","7.49","197","2","236","176","164","94","163","1","970","800","43","7","2","27","22","49","1","17","13","5","21","2457","155","254","9","9","4","52","4","0.295","0.393","0.468"
"261","2026","NJIT","25","5.79","220.2","0","256","171","142","129","182","0","1063","876","37","5","3","18","14","33","2","21","12","18","6","3712","229","211","9","15","3","45","6","0.292","0.400","0.408"
"262","2026","Dayton","29","6.74","252.1","0","294","228","189","161","241","0","1248","1004","68","7","7","35","39","56","1","119","47","14","11","3757","236","235","17","12","7","82","6","0.293","0.415","0.479"
"263","2026","Merrimack","28","6.34","238.2","0","240","183","168","162","183","0","1142","899","44","5","1","25","30","53","4","23","12","14","14","4297","245","237","13","14","6","56","6","0.267","0.403","0.410"
"264","2026","Davidson","29","7.94","247","0","297","255","218","170","233","0","1256","990","49","3","5","38","45","57","1","21","16","23","15","4568","207","265","14","15","9","53","10","0.300","0.425","0.471"
"265","2026","Akron","30","7.13","250","0","276","232","198","183","199","0","1249","980","53","5","1","32","21","62","4","45","16","17","6","4070","269","228","12","17","5","50","7","0.282","0.423","0.444"
"266","2026","Maine","29","7.44","239.2","0","272","213","198","165","178","0","1179","943","48","8","5","31","32","41","1","38","23","15","14","4296","220","286","7","22","4","46","4","0.288","0.411","0.455"
"267","2026","Gardner-Webb","32","7.67","268.2","2","343","256","229","167","223","1","1341","1094","66","6","2","36","31","53","1","81","37","14","13","3170","244","289","15","17","3","58","2","0.314","0.424","0.484"
"268","2026","Bradley","31","10.70","249","0","380","343","296","206","195","0","1372","1074","73","9","3","33","51","60","2","44","24","12","19","4900","241","259","6","20","3","45","7","0.354","0.475","0.531"
"269","2026","West Ga.","32","8.46","270.1","0","344","271","254","180","214","0","1368","1110","54","9","2","55","32","51","3","37","17","14","13","5077","241","317","10","22","5","48","3","0.310","0.425","0.523"
"270","2026","FDU","28","5.76","233","0","234","163","149","158","172","0","1099","875","51","4","7","25","26","45","3","2","2","10","11","3693","259","214","18","9","6","56","4","0.267","0.401","0.421"
"271","2026","Utah Tech","32","6.59","273","0","322","216","200","114","232","0","1260","1085","68","2","2","39","28","29","2","48","24","15","17","4393","259","286","20","12","8","64","9","0.297","0.373","0.471"
"272","2026","UMass Lowell","28","6.70","240.1","1","301","219","179","128","206","0","1173","978","43","5","6","32","20","42","1","27","7","10","15","3918","212","261","11","17","6","36","4","0.308","0.405","0.460"
"273","2026","St. Thomas (MN)","26","7.90","209.2","1","250","206","184","153","176","0","1069","839","49","13","2","31","26","54","1","34","18","13","10","4104","192","220","5","21","2","24","3","0.298","0.433","0.498"
"274","2026","Eastern Ky.","32","7.78","266","0","318","269","230","169","213","0","1328","1068","64","6","2","45","36","55","4","112","50","10","22","4403","242","292","9","23","4","29","7","0.298","0.412","0.495"
"275","2026","Mercyhurst","25","9.37","195","3","223","223","203","164","154","1","1018","790","47","7","4","28","24","49","2","12","7","6","9","3410","220","187","7","17","2","42","0","0.282","0.431","0.466"
"276","2026","New Haven","23","11.85","177.2","0","238","270","234","203","129","0","1032","737","46","8","4","18","39","65","0","26","21","4","23","3953","166","207","3","18","0","27","2","0.323","0.492","0.480"
"277","2026","CSU Bakersfield","31","6.92","270.1","0","348","251","208","126","204","0","1310","1092","91","11","4","32","18","55","3","89","46","16","21","2678","247","306","13","18","5","40","7","0.319","0.409","0.510"
"278","2026","Southern U.","30","8.09","218","0","241","221","196","192","228","0","1122","860","39","9","4","31","53","50","0","17","9","5","15","4296","176","217","3","12","1","78","2","0.280","0.432","0.455"
"279","2026","Butler","31","9.52","248.2","2","362","291","263","143","194","0","1263","1053","68","12","5","38","34","38","6","27","19","12","17","4368","267","233","10","20","3","52","5","0.344","0.434","0.539"
"280","2026","Sacred Heart","28","8.73","224.2","0","295","251","218","159","133","0","1176","936","57","12","6","35","28","59","2","47","32","6","16","3754","234","261","9","19","6","27","8","0.315","0.438","0.514"
"281","2026","Ball St.","30","7.41","251.1","2","298","228","207","148","241","2","1206","996","54","8","6","42","30","34","5","47","22","12","16","4532","226","238","14","15","4","41","6","0.299","0.402","0.496"
"282","2026","Northern Ky.","30","8.34","254.2","1","316","262","236","175","195","0","1290","1041","73","7","2","39","47","57","10","58","31","9","8","4808","260","270","13","17","5","28","6","0.304","0.428","0.500"
"283","2026","Presbyterian","33","8.22","272.2","2","357","281","249","174","216","1","1356","1112","80","17","4","36","43","34","5","94","43","15","21","2209","221","325","6","27","3","47","4","0.321","0.421","0.521"
"284","2026","Jackson St.","32","8.11","262","0","278","273","236","198","259","0","1316","1002","49","5","12","25","41","71","1","30","17","27","18","4490","246","225","12","18","5","74","3","0.277","0.424","0.411"
"285","2026","Iona","25","5.17","215.2","0","246","163","124","134","180","0","1048","850","46","11","5","17","19","34","0","21","11","21","9","3767","204","225","8","17","3","55","12","0.289","0.403","0.429"
"286","2026","UC Riverside","30","7.72","254","1","316","247","218","166","189","0","1289","1026","72","6","5","29","36","58","8","49","30","18","21","4691","238","297","8","22","1","39","5","0.308","0.425","0.475"
"287","2026","UIW","32","7.85","284.1","0","337","258","248","133","215","0","1346","1122","61","7","3","46","26","55","2","69","47","17","19","4669","277","304","16","16","6","14","1","0.300","0.395","0.490"
"288","2026","Coppin St.","26","10.40","205","0","281","325","237","224","201","0","1193","875","64","9","13","24","33","60","1","21","15","9","25","4683","180","204","5","21","1","56","2","0.321","0.477","0.497"
"289","2026","Prairie View","30","9.90","220","1","301","273","242","176","146","1","1165","893","63","11","9","15","43","62","4","22","16","9","24","4121","229","226","4","21","1","41","10","0.337","0.467","0.483"
"290","2026","Manhattan","28","8.18","233.1","0","278","242","212","164","178","0","1187","938","63","11","4","22","27","60","3","9","7","13","11","3670","242","241","10","18","3","48","3","0.296","0.428","0.457"
"291","2026","Texas Southern","27","6.63","229.1","1","267","188","169","146","182","0","1121","899","54","6","4","26","37","47","0","15","8","19","10","2206","208","243","12","11","4","33","4","0.297","0.417","0.457"
"292","2026","UNC Asheville","32","7.45","268.1","3","320","244","222","175","210","0","1319","1065","83","9","3","26","31","50","3","86","35","13","16","4649","245","291","15","17","4","56","1","0.300","0.417","0.469"
"293","2026","Alabama St.","30","7.03","256","0","315","232","200","160","207","0","1281","1046","51","8","2","21","24","46","2","7","3","13","16","4609","231","295","14","16","8","61","5","0.301","0.411","0.425"
"294","2026","Le Moyne","25","10.36","198","0","269","263","228","168","126","0","1076","816","57","7","3","31","36","47","3","30","18","17","28","3029","162","278","6","17","2","37","3","0.330","0.457","0.531"
"295","2026","Central Conn. St.","21","7.83","181.2","0","236","203","158","129","144","0","944","754","44","5","6","22","24","32","6","4","3","11","18","1656","160","211","8","13","0","64","3","0.313","0.426","0.472"
"296","2026","Tennessee Tech","32","9.18","263.2","0","404","296","269","156","200","0","1365","1133","85","10","2","54","36","41","3","95","35","23","12","4975","273","261","10","22","5","17","2","0.357","0.448","0.592"
"297","2026","Eastern Mich.","30","8.60","253.1","0","321","267","242","151","216","0","1268","1030","56","15","3","42","39","56","2","70","45","13","18","4763","244","261","10","20","4","47","2","0.312","0.421","0.517"
"298","2026","Grambling","30","9.40","239.1","0","295","289","250","221","238","0","1296","975","41","4","5","39","51","69","2","36","26","13","17","4532","213","225","10","18","4","59","4","0.303","0.456","0.473"
"299","2026","Morehead St.","31","9.03","260","0","337","304","261","167","194","0","1329","1058","56","10","4","65","29","67","1","62","27","22","15","4866","227","293","14","14","5","33","9","0.319","0.437","0.575"
"300","2026","Delaware St.","28","12.38","205.2","0","315","342","283","187","175","0","1196","911","73","8","3","24","50","75","2","10","4","6","17","3923","193","212","2","22","0","60","3","0.346","0.485","0.523"
"301","2026","Northern Colo.","33","9.93","257.1","0","343","312","284","217","222","0","1351","1048","79","11","3","42","52","49","6","70","46","19","17","5284","233","265","5","26","2","36","9","0.327","0.458","0.544"
"302","2026","Saint Peter's","28","9.21","224.2","0","282","273","230","238","153","0","1224","896","45","10","2","30","39","53","1","12","8","16","20","4450","200","274","3","25","1","51","5","0.315","0.475","0.488"
"303","2026","Norfolk St.","29","8.23","244","1","329","281","223","173","204","1","1273","1019","76","7","8","29","34","50","0","23","16","10","21","3240","224","263","12","17","3","65","4","0.323","0.437","0.497"
"304","2026","Mississippi Val.","28","9.48","226","0","322","274","238","169","144","0","1207","957","75","11","5","28","38","49","1","23","14","12","20","2666","224","270","10","16","5","31","5","0.336","0.452","0.526"
"305","2026","Alabama A&M","34","8.62","277.2","1","363","313","266","199","221","0","1471","1152","70","10","2","29","49","77","0","47","29","20","21","4213","242","327","7","25","4","54","2","0.315","0.441","0.469"
"306","2026","Alcorn","32","10.28","244.1","0","349","360","279","266","191","0","1408","1032","66","12","13","16","40","71","2","43","21","16","22","4239","207","279","7","24","1","42","13","0.338","0.493","0.472"
"307","2026","Ohio","31","10.37","253.1","0","371","330","292","197","161","0","1375","1084","83","13","5","41","20","58","5","39","22","16","20","5103","234","323","6","25","2","38","1","0.342","0.461","0.556"
"307","2026","UMES","27","11.16","215.1","0","299","307","267","186","167","0","1192","909","73","3","3","41","30","64","1","0","0","15","18","4032","182","264","5","22","0","57","0","0.329","0.466","0.551"