Team Rk,Year,School,Conference,P-OPS,WHIP,FIP,OPS,wOBA,R/PA,RC/AB,RA/AB,wRC35,wRA35,wRE35,Rk - wRE35
"1","2026","Texas","SEC","0.611","1.13","2.92","0.934","0.408","0.20","0.21","0.09","6.07","7.87","13.93","0.987"
"2","2026","UCLA","Big Ten","0.687","1.23","3.93","0.964","0.424","0.22","0.22","0.11","6.20","6.36","12.56","0.964"
"3","2026","Mississippi St.","SEC","0.650","1.19","3.39","0.986","0.428","0.23","0.23","0.10","6.68","8.83","15.51","1.000"
"4","2026","Florida St.","ACC","0.643","1.25","3.36","0.872","0.388","0.20","0.19","0.10","5.67","7.50","13.17","0.981"
"5","2026","Georgia Tech","ACC","0.706","1.40","3.96","1.113","0.475","0.26","0.30","0.12","8.60","6.52","15.12","0.997"
"6","2026","Georgia","SEC","0.704","1.36","3.72","1.081","0.462","0.23","0.27","0.12","7.44","5.76","13.20","0.984"
"7","2026","Alabama","SEC","0.651","1.24","3.81","0.849","0.378","0.18","0.18","0.10","4.90","5.43","10.34","0.876"
"8","2026","Florida","SEC","0.626","1.24","2.87","0.837","0.371","0.18","0.17","0.09","5.13","7.44","12.57","0.967"
"9","2026","Texas A&M","SEC","0.753","1.31","4.68","1.051","0.454","0.24","0.26","0.14","6.66","5.23","11.88","0.928"
"10","2026","Miami (FL)","ACC","0.734","1.36","4.04","1.006","0.435","0.24","0.24","0.13","6.14","4.90","11.04","0.899"
"11","2026","Auburn","SEC","0.622","1.09","3.00","0.825","0.370","0.16","0.17","0.09","4.68","7.87","12.55","0.961"
"12","2026","North Carolina","ACC","0.667","1.30","3.78","0.881","0.390","0.20","0.19","0.11","5.49","6.44","11.92","0.935"
"13","2026","Oregon St.","DI Independent","0.635","1.21","3.19","0.792","0.357","0.16","0.15","0.10","4.29","8.29","12.58","0.971"
"14","2026","Ole Miss","SEC","0.687","1.27","3.47","0.836","0.371","0.17","0.17","0.11","5.05","7.19","12.24","0.945"
"15","2026","Virginia","ACC","0.729","1.45","4.22","0.907","0.400","0.22","0.20","0.14","5.37","4.03","9.41","0.824"
"16","2026","Clemson","ACC","0.681","1.17","3.76","0.859","0.379","0.17","0.18","0.11","5.09","6.76","11.84","0.925"
"17","2026","Arizona St.","Big 12","0.742","1.49","3.92","0.990","0.430","0.22","0.24","0.14","6.84","5.82","12.66","0.974"
"18","2026","Southern California","Big Ten","0.589","1.17","3.50","0.826","0.366","0.18","0.16","0.09","4.34","7.30","11.64","0.915"
"19","2026","Oklahoma","SEC","0.677","1.30","3.79","0.840","0.373","0.18","0.17","0.11","5.39","6.86","12.25","0.948"
"20","2026","UCF","Big 12","0.655","1.21","4.34","0.826","0.369","0.18","0.17","0.10","5.10","6.06","11.15","0.905"
"21","2026","East Carolina","AAC","0.741","1.35","4.64","0.871","0.385","0.19","0.20","0.13","5.47","5.02","10.49","0.886"
"22","2026","Tennessee","SEC","0.653","1.15","3.71","0.852","0.375","0.17","0.16","0.11","4.90","6.92","11.82","0.919"
"23","2026","NC State","ACC","0.701","1.28","4.18","0.922","0.401","0.21","0.21","0.12","5.60","5.48","11.09","0.902"
"24","2026","Southern Miss.","Sun Belt","0.691","1.30","3.53","0.827","0.366","0.15","0.17","0.12","4.82","5.23","10.06","0.853"
"25","2026","Wake Forest","ACC","0.759","1.38","4.59","0.923","0.406","0.21","0.21","0.14","5.88","8.23","14.11","0.994"
"26","2026","West Virginia","Big 12","0.696","1.29","4.10","0.889","0.394","0.20","0.19","0.11","5.88","8.06","13.94","0.990"
"27","2026","Oregon","Big Ten","0.617","1.10","3.66","0.913","0.402","0.18","0.20","0.09","5.42","6.94","12.36","0.958"
"28","2026","Kentucky","SEC","0.712","1.36","4.19","0.863","0.386","0.19","0.17","0.12","4.87","6.51","11.39","0.912"
"29","2026","Cincinnati","Big 12","0.777","1.42","4.90","0.921","0.403","0.19","0.20","0.15","5.50","4.70","10.20","0.866"
"30","2026","LSU","SEC","0.659","1.36","3.57","0.903","0.398","0.21","0.20","0.10","5.73","7.31","13.04","0.977"
"31","2026","Kansas St.","Big 12","0.831","1.49","5.01","1.023","0.440","0.24","0.25","0.16","8.07","3.85","11.92","0.932"
"32","2026","Coastal Carolina","Sun Belt","0.771","1.46","4.87","0.840","0.378","0.19","0.16","0.15","4.83","4.08","8.90","0.772"
"33","2026","Missouri St.","CUSA","0.845","1.68","5.02","0.994","0.429","0.21","0.23","0.16","6.40","4.26","10.66","0.889"
"34","2026","Jacksonville St.","CUSA","0.651","1.26","3.58","0.835","0.372","0.18","0.17","0.10","5.62","6.65","12.27","0.951"
"35","2026","Texas St.","Sun Belt","0.811","1.49","4.63","0.951","0.412","0.20","0.22","0.16","6.03","3.10","9.12","0.791"
"36","2026","UC Santa Barbara","Big West","0.631","1.17","3.36","0.765","0.346","0.14","0.14","0.10","3.56","5.98","9.54","0.831"
"37","2026","Arkansas","SEC","0.697","1.27","3.98","0.841","0.370","0.17","0.18","0.12","5.37","5.40","10.78","0.892"
"38","2026","Nebraska","Big Ten","0.665","1.31","3.80","0.889","0.392","0.18","0.19","0.11","5.57","6.26","11.83","0.922"
"39","2026","California Baptist","WAC","0.653","1.22","3.35","0.899","0.394","0.18","0.20","0.10","5.11","6.19","11.30","0.909"
"40","2026","Pittsburgh","ACC","0.783","1.49","4.98","1.050","0.456","0.23","0.26","0.15","7.35","4.66","12.01","0.938"
"41","2026","Notre Dame","ACC","0.788","1.54","4.19","0.906","0.397","0.19","0.20","0.15","6.27","5.87","12.14","0.941"
"42","2026","Campbell","CAA","0.723","1.34","4.24","0.870","0.384","0.19","0.18","0.12","5.01","4.32","9.33","0.814"
"43","2026","Miami (OH)","MAC","0.819","1.53","4.48","0.973","0.428","0.22","0.23","0.16","4.90","0.61","5.51","0.443"
"44","2026","Liberty","CUSA","0.668","1.26","3.50","0.791","0.356","0.17","0.15","0.11","3.80","5.94","9.74","0.847"
"45","2026","South Fla.","AAC","0.650","1.18","4.00","0.817","0.362","0.18","0.16","0.10","4.19","5.18","9.37","0.821"
"46","2026","Arkansas St.","Sun Belt","0.699","1.25","4.25","0.837","0.369","0.17","0.17","0.12","4.54","3.85","8.38","0.733"
"47","2026","Vanderbilt","SEC","0.778","1.50","4.99","0.972","0.419","0.20","0.23","0.14","5.94","6.36","12.29","0.954"
"48","2026","Kansas","Big 12","0.820","1.54","4.67","0.901","0.395","0.19","0.20","0.16","5.42","3.80","9.22","0.805"
"49","2026","Boston College","ACC","0.697","1.38","3.97","0.807","0.360","0.17","0.16","0.12","4.68","5.49","10.17","0.863"
"50","2026","UTSA","AAC","0.747","1.46","4.63","0.932","0.409","0.21","0.21","0.14","5.54","2.20","7.74","0.700"
"51","2026","Oklahoma St.","Big 12","0.779","1.55","4.62","0.915","0.401","0.20","0.20","0.15","5.65","4.72","10.37","0.879"
"52","2026","Baylor","Big 12","0.774","1.45","4.32","0.809","0.364","0.16","0.16","0.15","4.73","4.62","9.35","0.818"
"53","2026","FGCU","ASUN","0.752","1.44","3.98","0.937","0.410","0.18","0.22","0.14","4.59","2.78","7.37","0.668"
"54","2026","Charlotte","AAC","0.794","1.60","4.18","0.905","0.397","0.19","0.20","0.16","5.41","3.40","8.82","0.759"
"55","2026","TCU","Big 12","0.853","1.75","5.02","0.854","0.382","0.20","0.18","0.17","4.99","3.98","8.98","0.778"
"56","2026","Kent St.","MAC","0.763","1.31","4.88","0.874","0.389","0.20","0.18","0.14","3.94","1.56","5.49","0.436"
"57","2026","UAB","AAC","0.870","1.67","5.38","0.899","0.397","0.19","0.20","0.19","5.53","1.68","7.21","0.658"
"58","2026","UNCW","CAA","0.643","1.23","3.48","0.827","0.370","0.18","0.17","0.10","4.51","5.57","10.09","0.857"
"59","2026","DBU","CUSA","0.818","1.58","5.52","0.938","0.408","0.21","0.22","0.15","6.04","4.05","10.09","0.860"
"60","2026","Louisville","ACC","0.871","1.83","5.52","0.988","0.431","0.22","0.24","0.19","6.08","3.06","9.14","0.795"
"61","2026","Tarleton St.","WAC","0.731","1.38","4.34","0.833","0.372","0.17","0.17","0.14","4.21","2.79","7.00","0.619"
"62","2026","Houston","Big 12","0.784","1.56","4.63","0.856","0.380","0.17","0.17","0.15","5.09","4.11","9.19","0.801"
"63","2026","Southeastern La.","Southland","0.795","1.54","4.91","0.853","0.376","0.17","0.17","0.15","4.35","0.60","4.95","0.365"
"64","2026","Mercer","SoCon","0.743","1.50","4.35","1.021","0.442","0.22","0.25","0.14","5.95","2.90","8.86","0.765"
"65","2026","Iowa","Big Ten","0.786","1.49","5.02","0.909","0.400","0.19","0.19","0.14","5.10","4.46","9.56","0.834"
"66","2026","Southeast Mo. St.","OVC","0.796","1.47","4.32","0.867","0.384","0.19","0.18","0.15","4.27","1.88","6.15","0.518"
"67","2026","South Alabama","Sun Belt","0.722","1.47","3.95","0.837","0.372","0.18","0.17","0.13","4.99","3.89","8.88","0.769"
"68","2026","High Point","Big South","0.766","1.39","4.96","0.908","0.398","0.18","0.20","0.14","4.41","1.58","5.99","0.502"
"69","2026","South Carolina","SEC","0.720","1.44","4.62","0.793","0.350","0.14","0.15","0.13","4.94","4.91","9.85","0.850"
"70","2026","ETSU","SoCon","0.733","1.40","4.74","0.911","0.400","0.20","0.20","0.13","5.17","3.63","8.80","0.756"
"71","2026","Illinois","Big Ten","0.714","1.27","4.14","0.789","0.353","0.16","0.14","0.12","4.16","3.48","7.64","0.691"
"72","2026","Purdue","Big Ten","0.808","1.59","4.96","0.910","0.399","0.20","0.20","0.16","5.35","1.88","7.22","0.661"
"73","2026","VCU","Atlantic 10","0.705","1.42","4.80","0.814","0.363","0.17","0.16","0.12","3.54","3.41","6.95","0.612"
"74","2026","Louisiana Tech","CUSA","0.757","1.50","4.20","0.815","0.363","0.15","0.16","0.14","4.94","4.57","9.51","0.827"
"75","2026","Stanford","ACC","0.855","1.87","4.85","0.910","0.398","0.18","0.21","0.18","6.34","3.92","10.26","0.870"
"76","2026","Charleston So.","Big South","0.811","1.49","5.07","0.879","0.396","0.20","0.18","0.16","4.65","1.11","5.77","0.472"
"77","2026","Minnesota","Big Ten","0.706","1.24","4.23","0.863","0.382","0.18","0.18","0.12","4.41","3.80","8.21","0.720"
"78","2026","Louisiana","Sun Belt","0.759","1.31","5.19","0.735","0.333","0.13","0.13","0.14","3.69","5.24","8.94","0.775"
"79","2026","Duke","ACC","0.748","1.47","4.98","0.890","0.390","0.19","0.20","0.13","5.27","5.01","10.27","0.873"
"80","2026","Portland","WCC","0.642","1.26","3.68","0.763","0.341","0.15","0.14","0.10","3.96","4.28","8.24","0.726"
"81","2026","Maryland","Big Ten","0.896","1.81","5.73","0.904","0.397","0.18","0.20","0.19","4.74","2.34","7.07","0.635"
"82","2026","Missouri","SEC","0.762","1.53","5.04","0.855","0.381","0.19","0.17","0.14","4.37","4.69","9.06","0.788"
"83","2026","Troy","Sun Belt","0.824","1.56","4.79","0.804","0.359","0.15","0.16","0.17","4.74","3.51","8.25","0.730"
"84","2026","Wichita St.","AAC","0.754","1.47","3.84","0.909","0.399","0.22","0.21","0.14","4.85","3.16","8.01","0.710"
"85","2026","Saint Joseph's","Atlantic 10","0.760","1.47","4.26","0.817","0.364","0.17","0.17","0.14","3.67","2.59","6.26","0.541"
"86","2026","Gonzaga","WCC","0.745","1.47","4.54","0.818","0.360","0.16","0.17","0.13","5.04","5.74","10.78","0.896"
"87","2026","Cal Poly","Big West","0.744","1.47","3.65","0.832","0.365","0.16","0.17","0.14","4.20","2.99","7.19","0.655"
"88","2026","Michigan","Big Ten","0.743","1.46","4.21","0.750","0.338","0.14","0.14","0.13","4.15","4.50","8.65","0.749"
"89","2026","Ohio St.","Big Ten","0.809","1.64","5.27","0.827","0.366","0.17","0.16","0.15","4.59","4.45","9.04","0.785"
"90","2026","Western Ky.","CUSA","0.791","1.46","4.21","0.797","0.358","0.15","0.16","0.15","4.90","4.27","9.17","0.798"
"91","2026","BYU","Big 12","0.882","1.74","5.74","0.849","0.371","0.17","0.17","0.18","5.04","3.38","8.42","0.739"
"92","2026","Saint Mary's (CA)","WCC","0.765","1.51","4.34","0.903","0.396","0.16","0.20","0.14","5.47","3.03","8.50","0.746"
"93","2026","Texas Tech","Big 12","0.923","1.83","6.39","1.037","0.448","0.24","0.26","0.20","6.89","2.83","9.73","0.844"
"94","2026","Middle Tenn.","CUSA","0.792","1.57","4.91","0.867","0.382","0.19","0.19","0.15","5.11","3.90","9.01","0.782"
"95","2026","Winthrop","Big South","0.764","1.44","4.62","0.828","0.371","0.17","0.16","0.14","3.81","1.20","5.01","0.371"
"96","2026","Virginia Tech","ACC","0.909","1.83","5.48","0.792","0.354","0.15","0.15","0.20","4.84","5.60","10.44","0.883"
"97","2026","Wofford","SoCon","0.754","1.47","3.97","0.884","0.394","0.20","0.19","0.14","4.60","1.99","6.59","0.577"
"98","2026","Northwestern St.","Southland","0.690","1.27","3.65","0.795","0.355","0.16","0.16","0.11","3.75","3.63","7.38","0.671"
"99","2026","USC Upstate","Big South","0.887","1.70","5.94","0.839","0.373","0.18","0.17","0.19","4.05","-0.23","3.82","0.222"
"100","2026","App State","Sun Belt","0.754","1.52","4.43","0.833","0.371","0.18","0.17","0.14","3.86","4.19","8.04","0.717"
"101","2026","Abilene Christian","WAC","0.821","1.59","5.10","0.906","0.398","0.18","0.19","0.15","4.67","1.25","5.92","0.492"
"102","2026","VMI","SoCon","0.805","1.48","4.92","0.918","0.411","0.22","0.20","0.15","4.73","1.31","6.05","0.515"
"103","2026","Kennesaw St.","CUSA","0.863","1.70","5.84","0.801","0.356","0.16","0.16","0.18","4.88","3.51","8.39","0.736"
"104","2026","California","ACC","0.754","1.47","4.45","0.793","0.347","0.13","0.16","0.14","4.79","4.00","8.78","0.752"
"105","2026","Illinois St.","MVC","0.727","1.41","4.09","0.853","0.375","0.16","0.19","0.14","5.07","3.38","8.45","0.743"
"106","2026","UC San Diego","Big West","0.880","1.64","5.45","0.800","0.361","0.15","0.15","0.19","4.29","1.44","5.73","0.466"
"107","2026","Toledo","MAC","0.773","1.64","4.27","0.874","0.389","0.19","0.18","0.15","4.45","1.72","6.17","0.521"
"108","2026","Radford","Big South","0.792","1.53","4.41","0.761","0.344","0.15","0.15","0.15","3.09","0.48","3.57","0.192"
"109","2026","Nicholls","Southland","0.746","1.47","4.52","0.729","0.327","0.15","0.13","0.13","3.15","2.78","5.93","0.498"
"110","2026","UConn","Big East","0.812","1.55","4.45","0.846","0.374","0.16","0.17","0.17","4.42","1.96","6.39","0.560"
"111","2026","Western Caro.","SoCon","0.807","1.47","4.51","0.836","0.372","0.17","0.17","0.16","4.21","0.77","4.99","0.368"
"112","2026","Austin Peay","ASUN","0.810","1.57","5.43","0.796","0.353","0.18","0.16","0.16","3.74","1.84","5.58","0.450"
"113","2026","Hawaii","Big West","0.639","1.21","3.37","0.647","0.299","0.12","0.10","0.10","2.73","4.29","7.02","0.625"
"114","2026","Washington","Big Ten","0.760","1.41","3.94","0.811","0.357","0.16","0.16","0.14","4.74","4.56","9.30","0.808"
"115","2026","Wright St.","Horizon","0.757","1.47","5.34","0.751","0.336","0.14","0.14","0.14","3.38","3.27","6.65","0.583"
"116","2026","Cal St. Fullerton","Big West","0.684","1.25","3.72","0.737","0.331","0.12","0.14","0.12","3.26","3.52","6.77","0.599"
"117","2026","Air Force","MW","0.889","1.79","5.37","0.857","0.380","0.20","0.18","0.19","4.79","1.48","6.27","0.544"
"118","2026","Michigan St.","Big Ten","0.811","1.50","4.92","0.751","0.334","0.14","0.14","0.16","4.53","2.88","7.41","0.674"
"119","2026","Bethune-Cookman","SWAC","0.727","1.49","4.00","0.839","0.378","0.20","0.16","0.13","3.18","2.08","5.26","0.401"
"120","2026","Rutgers","Big Ten","0.779","1.52","4.24","0.819","0.364","0.17","0.16","0.15","4.53","4.77","9.30","0.811"
"121","2026","ULM","Sun Belt","0.855","1.76","5.00","0.906","0.398","0.20","0.19","0.18","4.88","1.41","6.30","0.550"
"122","2026","Little Rock","OVC","0.780","1.51","5.19","0.842","0.372","0.16","0.17","0.15","4.29","2.02","6.31","0.554"
"123","2026","James Madison","Sun Belt","0.857","1.72","5.55","0.830","0.368","0.17","0.17","0.17","4.21","3.49","7.71","0.694"
"124","2026","North Florida","ASUN","0.734","1.50","4.13","0.800","0.358","0.17","0.16","0.13","3.44","2.48","5.92","0.489"
"125","2026","Fla. Atlantic","AAC","0.803","1.66","4.46","0.773","0.347","0.14","0.14","0.16","4.20","2.90","7.10","0.638"
"126","2026","UTRGV","Southland","0.828","1.62","4.28","0.795","0.357","0.16","0.16","0.17","3.98","0.72","4.70","0.336"
"127","2026","Longwood","Big South","0.710","1.36","3.62","0.816","0.365","0.15","0.16","0.14","2.95","0.76","3.72","0.208"
"128","2026","Samford","SoCon","0.822","1.57","4.86","0.838","0.370","0.15","0.17","0.16","4.31","3.90","8.21","0.723"
"129","2026","San Diego St.","MW","0.785","1.46","4.53","0.808","0.358","0.16","0.16","0.15","3.76","3.00","6.75","0.593"
"130","2026","Indiana","Big Ten","0.855","1.65","5.25","0.767","0.344","0.14","0.15","0.17","4.65","5.05","9.70","0.840"
"131","2026","CSUN","Big West","0.817","1.46","5.06","0.895","0.390","0.17","0.19","0.16","5.02","0.88","5.90","0.485"
"132","2026","The Citadel","SoCon","0.806","1.59","5.58","0.714","0.325","0.14","0.12","0.16","3.74","3.52","7.26","0.664"
"133","2026","Nevada","MW","0.878","1.79","4.98","0.932","0.405","0.20","0.22","0.19","4.74","1.25","5.99","0.505"
"134","2026","McNeese","Southland","0.766","1.52","4.58","0.772","0.349","0.15","0.14","0.14","3.41","3.37","6.78","0.603"
"135","2026","Northeastern","CAA","0.726","1.48","4.66","0.812","0.364","0.17","0.16","0.12","3.88","3.58","7.46","0.677"
"136","2026","Utah","Big 12","0.885","1.73","5.46","0.876","0.386","0.18","0.19","0.19","5.56","3.26","8.82","0.762"
"137","2026","UNLV","MW","0.869","1.83","4.78","0.959","0.417","0.23","0.22","0.18","5.61","2.13","7.74","0.697"
"138","2026","Northwestern","Big Ten","0.934","1.75","6.52","0.788","0.346","0.15","0.15","0.22","4.87","2.88","7.75","0.707"
"139","2026","SFA","Southland","0.777","1.61","4.24","0.802","0.359","0.17","0.16","0.14","2.84","0.34","3.18","0.166"
"140","2026","New Mexico St.","CUSA","0.899","1.89","6.18","0.896","0.396","0.21","0.19","0.20","4.23","2.57","6.79","0.606"
"141","2026","Marshall","Sun Belt","0.835","1.64","4.52","0.843","0.375","0.18","0.17","0.17","4.83","2.76","7.59","0.687"
"142","2026","Rice","AAC","0.778","1.52","5.04","0.711","0.322","0.13","0.13","0.14","3.53","2.40","5.93","0.495"
"143","2026","Sacramento St.","WAC","0.731","1.40","4.27","0.735","0.333","0.15","0.14","0.13","3.50","3.61","7.11","0.642"
"144","2026","New Mexico","MW","0.859","1.70","4.75","0.907","0.399","0.21","0.20","0.17","4.20","0.46","4.66","0.326"
"145","2026","UNC Greensboro","SoCon","0.859","1.77","5.31","0.793","0.353","0.15","0.15","0.18","4.03","1.36","5.39","0.427"
"146","2026","Eastern Ill.","OVC","0.833","1.58","5.52","0.878","0.390","0.19","0.19","0.19","4.71","0.57","5.28","0.404"
"147","2026","Tulane","AAC","0.746","1.49","4.40","0.775","0.352","0.16","0.15","0.14","3.97","3.78","7.75","0.704"
"148","2026","A&M-Corpus Christi","Southland","0.762","1.59","4.52","0.747","0.338","0.15","0.14","0.15","3.21","1.50","4.71","0.339"
"149","2026","Murray St.","MVC","0.774","1.52","4.82","0.838","0.375","0.20","0.16","0.15","4.03","2.73","6.76","0.596"
"150","2026","Arizona","Big 12","0.793","1.58","3.87","0.741","0.332","0.13","0.14","0.15","4.25","5.35","9.60","0.837"
"151","2026","Memphis","AAC","0.931","1.78","6.33","0.795","0.357","0.16","0.15","0.21","4.12","1.26","5.37","0.420"
"152","2026","Georgia St.","Sun Belt","0.810","1.71","5.70","0.750","0.338","0.16","0.14","0.16","3.96","3.08","7.04","0.629"
"153","2026","SIUE","OVC","0.869","1.62","5.78","0.891","0.387","0.19","0.19","0.18","5.23","1.74","6.97","0.616"
"154","2026","Santa Clara","WCC","0.777","1.49","4.95","0.745","0.334","0.14","0.14","0.16","3.94","3.61","7.55","0.681"
"155","2026","Yale","Ivy League","0.708","1.40","4.09","0.786","0.356","0.18","0.14","0.12","3.14","2.48","5.63","0.453"
"156","2026","Indiana St.","MVC","0.837","1.68","5.74","0.870","0.381","0.19","0.20","0.17","5.38","2.20","7.58","0.684"
"157","2026","Georgetown","Big East","0.765","1.40","4.69","0.831","0.372","0.17","0.17","0.14","3.81","1.28","5.09","0.381"
"158","2026","Bryant","America East","0.774","1.56","4.38","0.822","0.364","0.17","0.17","0.15","3.72","2.51","6.23","0.534"
"159","2026","Southern Ind.","OVC","0.714","1.44","4.44","0.799","0.360","0.19","0.16","0.12","3.91","2.63","6.54","0.570"
"160","2026","FDU","NEC","0.822","1.68","5.75","1.002","0.437","0.22","0.24","0.17","4.88","-1.03","3.85","0.225"
"161","2026","Washington St.","MW","0.834","1.67","5.15","0.775","0.349","0.15","0.14","0.17","3.97","0.24","4.21","0.277"
"162","2026","UC Irvine","Big West","0.732","1.34","3.99","0.684","0.316","0.11","0.11","0.13","2.87","3.31","6.18","0.528"
"163","2026","Creighton","Big East","0.856","1.67","5.46","0.755","0.340","0.14","0.13","0.17","3.99","2.56","6.54","0.573"
"164","2026","UT Arlington","WAC","0.784","1.55","4.71","0.715","0.326","0.13","0.12","0.16","3.02","1.52","4.54","0.309"
"165","2026","Houston Christian","Southland","0.876","1.69","5.03","0.795","0.355","0.17","0.15","0.19","3.75","0.00","3.76","0.215"
"166","2026","St. John's (NY)","Big East","0.750","1.56","4.63","0.714","0.324","0.13","0.13","0.13","3.30","2.10","5.40","0.430"
"167","2026","Navy","Patriot","0.653","1.25","3.23","0.733","0.334","0.15","0.13","0.11","3.18","3.94","7.12","0.648"
"168","2026","Richmond","Atlantic 10","0.784","1.42","4.93","0.835","0.373","0.15","0.16","0.14","4.04","0.65","4.68","0.332"
"169","2026","UIW","Southland","0.885","1.65","5.79","0.884","0.390","0.18","0.19","0.19","4.28","-1.60","2.68","0.124"
"170","2026","NIU","MAC","0.782","1.46","5.03","0.809","0.360","0.15","0.16","0.14","3.50","1.83","5.33","0.417"
"171","2026","Jacksonville","ASUN","0.811","1.63","5.23","0.783","0.352","0.16","0.15","0.16","3.75","2.00","5.75","0.469"
"172","2026","Lamar","Southland","0.732","1.52","4.75","0.719","0.327","0.13","0.12","0.14","3.21","2.84","6.05","0.511"
"173","2026","Old Dominion","Sun Belt","0.866","1.81","5.04","0.808","0.362","0.16","0.16","0.19","4.03","1.02","5.05","0.378"
"174","2026","Gardner-Webb","Big South","0.908","1.90","5.75","0.831","0.370","0.17","0.16","0.20","4.65","-0.69","3.96","0.248"
"175","2026","Stetson","ASUN","0.799","1.61","4.49","0.717","0.327","0.13","0.12","0.16","3.46","1.43","4.90","0.352"
"176","2026","North Ala.","ASUN","0.840","1.75","5.70","0.806","0.359","0.15","0.16","0.17","3.98","1.26","5.23","0.397"
"177","2026","Morehead St.","OVC","1.012","1.94","7.67","0.932","0.405","0.20","0.22","0.25","5.40","-2.86","2.54","0.117"
"178","2026","Penn","Ivy League","0.764","1.53","4.30","0.692","0.314","0.13","0.12","0.15","3.48","2.84","6.32","0.557"
"179","2026","San Diego","WCC","0.868","1.62","5.52","0.778","0.350","0.14","0.15","0.18","4.60","3.44","8.03","0.713"
"180","2026","Rider","MAAC","0.774","1.57","5.22","0.870","0.383","0.18","0.18","0.14","3.32","0.29","3.61","0.195"
"181","2026","CSU Bakersfield","Big West","0.919","1.75","5.25","0.803","0.361","0.16","0.15","0.20","3.86","-1.01","2.85","0.150"
"182","2026","Florida A&M","SWAC","0.730","1.54","4.30","0.738","0.332","0.15","0.14","0.12","2.77","1.04","3.81","0.218"
"183","2026","Hofstra","CAA","0.843","1.77","5.53","0.771","0.347","0.16","0.14","0.17","4.10","2.44","6.53","0.567"
"184","2026","Ark.-Pine Bluff","SWAC","0.757","1.47","4.92","0.798","0.360","0.18","0.16","0.14","3.17","0.82","3.98","0.251"
"185","2026","Dayton","Atlantic 10","0.894","1.80","5.69","0.927","0.409","0.21","0.21","0.19","4.50","-0.49","4.01","0.254"
"186","2026","Utah Tech","WAC","0.844","1.60","4.94","0.828","0.375","0.17","0.17","0.18","3.58","-0.81","2.77","0.140"
"187","2026","Utah Valley","WAC","0.798","1.65","4.90","0.877","0.388","0.18","0.19","0.16","4.19","0.43","4.62","0.316"
"188","2026","George Mason","Atlantic 10","0.773","1.53","4.94","0.741","0.335","0.15","0.15","0.14","3.37","2.27","5.64","0.456"
"189","2026","Ga. Southern","Sun Belt","0.927","1.90","5.44","0.798","0.358","0.15","0.16","0.20","4.73","1.13","5.86","0.482"
"190","2026","Towson","CAA","0.805","1.57","4.78","0.806","0.363","0.18","0.16","0.15","4.12","3.00","7.12","0.645"
"191","2026","UMBC","America East","0.781","1.63","4.87","0.828","0.371","0.19","0.17","0.15","3.50","1.10","4.60","0.313"
"192","2026","Monmouth","CAA","0.878","1.78","4.99","0.875","0.389","0.18","0.18","0.19","4.29","0.80","5.09","0.384"
"193","2026","Oral Roberts","Summit League","0.722","1.30","4.81","0.707","0.323","0.12","0.12","0.13","2.59","1.35","3.94","0.241"
"194","2026","San Jose St.","MW","0.839","1.71","5.05","0.762","0.339","0.15","0.15","0.17","4.17","2.97","7.14","0.651"
"195","2026","San Francisco","WCC","0.761","1.50","4.45","0.759","0.343","0.13","0.14","0.15","3.73","1.99","5.72","0.463"
"196","2026","UT Martin","OVC","0.874","1.72","5.43","0.893","0.390","0.20","0.19","0.18","4.71","0.06","4.76","0.342"
"197","2026","Binghamton","America East","0.855","1.63","5.04","0.752","0.341","0.16","0.15","0.18","3.04","0.69","3.72","0.212"
"198","2026","New Orleans","Southland","0.811","1.67","5.40","0.821","0.366","0.15","0.16","0.16","3.63","0.69","4.32","0.287"
"199","2026","Lipscomb","ASUN","0.867","1.77","5.73","0.830","0.368","0.16","0.17","0.18","4.00","1.85","5.85","0.479"
"200","2026","Bowling Green","MAC","0.912","1.89","4.87","0.714","0.321","0.13","0.12","0.20","3.09","1.04","4.13","0.267"
"201","2026","Stonehill","NEC","0.788","1.66","5.18","0.802","0.363","0.18","0.15","0.15","3.13","0.92","4.05","0.261"
"202","2026","Brown","Ivy League","0.750","1.62","4.77","0.730","0.330","0.15","0.13","0.14","3.04","2.11","5.15","0.388"
"203","2026","Xavier","Big East","0.891","1.74","5.70","0.738","0.329","0.12","0.13","0.19","4.22","0.67","4.90","0.355"
"204","2026","Western Ill.","OVC","0.928","1.92","5.82","0.781","0.350","0.15","0.15","0.21","3.83","1.08","4.90","0.358"
"205","2026","Southern Ill.","MVC","0.758","1.55","4.97","0.764","0.342","0.14","0.14","0.14","3.56","3.45","7.02","0.622"
"206","2026","Belmont","MVC","0.869","1.60","5.30","0.761","0.338","0.14","0.14","0.18","4.61","1.61","6.22","0.531"
"207","2026","Elon","CAA","0.746","1.49","4.36","0.673","0.314","0.13","0.11","0.14","2.93","2.35","5.29","0.407"
"208","2026","Bucknell","Patriot","0.803","1.71","5.30","0.732","0.331","0.14","0.13","0.16","2.62","-0.08","2.54","0.111"
"209","2026","Sam Houston","CUSA","0.836","1.56","5.37","0.714","0.325","0.14","0.12","0.18","3.33","3.18","6.51","0.564"
"210","2026","FIU","CUSA","0.803","1.81","4.90","0.752","0.342","0.14","0.13","0.16","3.77","1.61","5.38","0.423"
"211","2026","Ball St.","MAC","0.898","1.77","5.64","0.831","0.366","0.17","0.16","0.21","4.28","-1.40","2.89","0.153"
"212","2026","UC Davis","Big West","0.816","1.70","4.17","0.691","0.312","0.12","0.12","0.17","3.21","1.99","5.19","0.394"
"213","2026","Lindenwood","OVC","0.730","1.38","4.12","0.689","0.311","0.13","0.12","0.14","2.76","1.26","4.02","0.257"
"214","2026","Davidson","Atlantic 10","0.896","1.89","6.08","0.800","0.361","0.16","0.15","0.19","3.32","-0.62","2.70","0.130"
"215","2026","Evansville","MVC","0.891","1.74","5.34","0.693","0.317","0.12","0.11","0.21","3.12","1.10","4.22","0.283"
"216","2026","Texas Southern","SWAC","0.875","1.80","5.63","0.938","0.414","0.19","0.20","0.18","3.08","-2.67","0.40","0.049"
"217","2026","Central Ark.","ASUN","0.840","1.67","5.54","0.745","0.333","0.14","0.14","0.17","3.71","1.17","4.88","0.348"
"218","2026","Bellarmine","ASUN","0.925","1.86","5.87","0.844","0.376","0.17","0.17","0.21","4.52","-0.35","4.17","0.274"
"219","2026","Col. of Charleston","CAA","0.810","1.60","4.49","0.694","0.313","0.11","0.12","0.16","3.28","2.13","5.40","0.433"
"220","2026","Merrimack","MAAC","0.814","1.68","5.74","0.804","0.361","0.17","0.16","0.15","2.68","-0.68","2.00","0.101"
"221","2026","Rhode Island","Atlantic 10","0.810","1.58","5.42","0.736","0.329","0.14","0.13","0.16","3.31","1.99","5.30","0.410"
"222","2026","Western Mich.","MAC","0.841","1.74","5.75","0.777","0.352","0.15","0.15","0.18","3.66","0.41","4.07","0.264"
"223","2026","Maine","America East","0.866","1.82","5.99","0.739","0.330","0.13","0.14","0.18","3.60","-0.78","2.82","0.143"
"224","2026","Fairfield","MAAC","0.726","1.50","4.64","0.742","0.336","0.15","0.14","0.13","2.69","1.27","3.96","0.244"
"225","2026","LIU","NEC","0.861","1.68","5.52","0.910","0.398","0.20","0.23","0.19","4.80","-0.64","4.16","0.270"
"226","2026","LMU (CA)","WCC","0.959","1.99","6.21","0.730","0.329","0.14","0.13","0.22","3.74","0.76","4.50","0.303"
"227","2026","Columbia","Ivy League","0.872","1.83","5.63","0.724","0.327","0.13","0.14","0.19","3.76","1.76","5.52","0.446"
"228","2026","William & Mary","CAA","0.834","1.86","6.12","0.737","0.330","0.15","0.14","0.16","3.73","1.93","5.66","0.459"
"229","2026","Quinnipiac","MAAC","0.799","1.67","4.21","0.779","0.351","0.15","0.15","0.16","2.87","2.17","5.03","0.375"
"230","2026","Delaware","CUSA","0.863","1.85","5.87","0.756","0.342","0.14","0.15","0.18","3.70","2.48","6.17","0.524"
"231","2026","Seton Hall","Big East","0.800","1.62","4.55","0.713","0.327","0.14","0.13","0.15","3.46","3.20","6.66","0.586"
"232","2026","Mount St. Mary's","MAAC","0.853","1.82","5.47","0.815","0.367","0.17","0.15","0.19","3.36","0.29","3.65","0.202"
"233","2026","Central Mich.","MAC","0.913","1.89","5.96","0.845","0.374","0.18","0.17","0.20","3.77","0.17","3.94","0.238"
"234","2026","Eastern Ky.","ASUN","0.908","1.83","6.34","0.783","0.353","0.15","0.14","0.20","3.57","-0.88","2.69","0.127"
"235","2026","Fresno St.","MW","0.887","1.79","5.94","0.810","0.360","0.17","0.15","0.19","3.94","1.38","5.32","0.414"
"236","2026","Fordham","Atlantic 10","0.869","1.79","5.34","0.767","0.347","0.16","0.14","0.19","3.69","0.98","4.67","0.329"
"237","2026","Valparaiso","MVC","0.921","1.84","5.44","0.742","0.332","0.14","0.14","0.21","4.01","0.32","4.34","0.290"
"238","2026","Penn St.","Big Ten","0.945","1.97","5.70","0.794","0.355","0.14","0.15","0.22","4.29","2.77","7.07","0.632"
"239","2026","Butler","Big East","0.973","2.03","5.82","0.818","0.361","0.17","0.16","0.24","4.54","-1.22","3.32","0.179"
"240","2026","Pepperdine","WCC","0.841","1.63","4.80","0.701","0.315","0.12","0.12","0.17","3.46","0.43","3.88","0.231"
"241","2026","Jackson St.","SWAC","0.836","1.82","5.56","0.831","0.371","0.18","0.17","0.18","2.87","-1.72","1.14","0.062"
"242","2026","La Salle","Atlantic 10","0.860","1.79","5.86","0.838","0.374","0.19","0.16","0.19","3.34","-0.09","3.25","0.173"
"243","2026","Grand Canyon","MW","0.864","1.73","4.60","0.747","0.334","0.12","0.14","0.18","3.94","2.32","6.26","0.537"
"244","2026","Princeton","Ivy League","0.860","1.66","6.33","0.623","0.284","0.11","0.10","0.17","3.08","3.86","6.94","0.609"
"245","2026","Omaha","Summit League","0.818","1.61","4.72","0.769","0.346","0.14","0.15","0.16","3.07","0.57","3.63","0.199"
"246","2026","Harvard","Ivy League","0.805","1.58","5.44","0.654","0.301","0.11","0.11","0.16","3.45","3.22","6.68","0.590"
"247","2026","Army West Point","Patriot","0.778","1.61","5.15","0.717","0.330","0.14","0.12","0.15","2.87","0.99","3.86","0.228"
"248","2026","Sacred Heart","MAAC","0.952","2.02","6.97","0.724","0.331","0.14","0.12","0.21","2.86","-1.34","1.52","0.075"
"249","2026","Niagara","MAAC","0.758","1.59","4.72","0.680","0.308","0.11","0.11","0.15","2.53","3.27","5.81","0.476"
"250","2026","South Dakota St.","Summit League","0.881","1.84","5.95","0.782","0.351","0.16","0.14","0.19","3.04","-0.32","2.72","0.137"
"251","2026","Grambling","SWAC","0.929","2.16","6.98","0.829","0.374","0.18","0.16","0.20","2.68","-2.61","0.06","0.039"
"252","2026","Lafayette","Patriot","0.934","2.05","6.16","0.766","0.342","0.14","0.14","0.21","3.95","0.41","4.36","0.296"
"253","2026","Stony Brook","CAA","0.866","1.82","5.39","0.691","0.320","0.14","0.12","0.17","3.49","3.10","6.59","0.580"
"254","2026","UIC","MVC","0.909","1.68","5.76","0.793","0.357","0.14","0.14","0.20","4.18","2.10","6.28","0.547"
"255","2026","Long Beach St.","Big West","0.806","1.67","4.98","0.733","0.338","0.13","0.13","0.16","2.87","1.49","4.36","0.293"
"256","2026","St. Bonaventure","Atlantic 10","0.801","1.70","4.79","0.743","0.334","0.13","0.14","0.16","3.13","1.40","4.54","0.306"
"257","2026","Seattle U","WCC","0.862","1.64","4.77","0.702","0.320","0.13","0.12","0.18","2.96","-0.32","2.64","0.120"
"258","2026","George Washington","Atlantic 10","0.821","1.66","5.17","0.771","0.346","0.14","0.15","0.16","3.24","-0.01","3.22","0.169"
"259","2026","Eastern Mich.","MAC","0.938","1.86","6.12","0.764","0.346","0.14","0.14","0.21","3.49","-2.27","1.22","0.068"
"260","2026","Southern U.","SWAC","0.887","1.99","6.30","0.773","0.350","0.17","0.11","0.23","1.99","-2.54","-0.55","0.023"
"261","2026","Holy Cross","Patriot","0.879","1.74","5.94","0.768","0.346","0.17","0.14","0.19","3.17","0.18","3.35","0.182"
"262","2026","Saint Louis","Atlantic 10","0.815","1.60","5.31","0.741","0.334","0.12","0.13","0.16","3.29","0.40","3.69","0.205"
"263","2026","UNC Asheville","Big South","0.886","1.84","5.42","0.807","0.362","0.17","0.16","0.20","3.17","-1.95","1.22","0.065"
"264","2026","Youngstown St.","Horizon","0.821","1.74","5.22","0.651","0.298","0.09","0.10","0.17","2.65","1.57","4.22","0.280"
"265","2026","Dartmouth","Ivy League","0.726","1.45","4.18","0.613","0.288","0.11","0.09","0.13","2.10","2.37","4.47","0.300"
"266","2026","N.C. A&T","CAA","0.819","1.80","5.44","0.708","0.320","0.15","0.12","0.16","2.81","1.82","4.63","0.323"
"267","2026","West Ga.","ASUN","0.948","1.94","6.84","0.736","0.329","0.14","0.14","0.22","3.46","-0.75","2.71","0.134"
"268","2026","Akron","MAC","0.867","1.84","6.23","0.804","0.367","0.16","0.16","0.18","3.28","-0.74","2.54","0.114"
"269","2026","Queens (NC)","ASUN","0.883","1.77","6.51","0.689","0.310","0.10","0.12","0.18","3.68","0.95","4.63","0.319"
"270","2026","Wagner","NEC","0.908","2.15","5.93","0.785","0.356","0.17","0.16","0.20","3.66","-0.13","3.53","0.189"
"271","2026","Alabama St.","SWAC","0.836","1.86","5.08","0.747","0.338","0.14","0.14","0.17","2.51","-1.93","0.58","0.052"
"272","2026","Tennessee Tech","OVC","1.040","2.12","6.60","0.756","0.340","0.14","0.14","0.26","3.84","-2.05","1.79","0.085"
"273","2026","Oakland","Horizon","0.944","2.01","6.47","0.696","0.316","0.13","0.12","0.21","2.64","0.28","2.92","0.156"
"274","2026","Marist","MAAC","0.880","1.90","5.66","0.761","0.346","0.15","0.14","0.19","3.03","0.24","3.28","0.176"
"275","2026","Bradley","MVC","1.006","2.35","6.58","0.717","0.332","0.14","0.12","0.24","3.11","-0.92","2.19","0.107"
"276","2026","Manhattan","MAAC","0.885","1.89","5.79","0.824","0.365","0.16","0.17","0.19","3.15","-2.05","1.10","0.059"
"277","2026","Villanova","Big East","0.862","1.71","5.21","0.710","0.322","0.14","0.12","0.18","3.04","0.89","3.92","0.234"
"278","2026","UC Riverside","Big West","0.900","1.90","5.86","0.703","0.316","0.13","0.12","0.19","3.46","-1.55","1.90","0.088"
"279","2026","Pacific","WCC","0.873","1.83","5.15","0.713","0.321","0.14","0.13","0.18","3.71","1.80","5.51","0.440"
"280","2026","Northern Ky.","Horizon","0.927","1.93","6.41","0.760","0.345","0.17","0.14","0.21","2.99","-1.38","1.61","0.078"
"281","2026","Canisius","MAAC","0.836","1.78","5.07","0.736","0.334","0.13","0.11","0.17","3.21","1.73","4.94","0.362"
"282","2026","North Dakota St.","Summit League","0.887","1.81","5.73","0.624","0.289","0.10","0.10","0.19","2.10","1.07","3.17","0.163"
"283","2026","Milwaukee","Horizon","0.893","1.93","5.84","0.742","0.333","0.13","0.14","0.19","3.97","2.03","6.00","0.508"
"284","2026","UMass Lowell","America East","0.865","1.79","5.35","0.721","0.327","0.14","0.13","0.18","2.94","-0.92","2.02","0.104"
"285","2026","Siena","MAAC","0.868","2.05","6.21","0.718","0.329","0.14","0.13","0.18","2.60","0.86","3.46","0.186"
"286","2026","Cornell","Ivy League","0.864","1.64","5.83","0.697","0.315","0.11","0.12","0.18","3.20","2.00","5.19","0.391"
"287","2026","UAlbany","America East","0.787","1.65","4.90","0.637","0.295","0.11","0.10","0.16","2.63","2.14","4.77","0.345"
"288","2026","Ohio","MAC","1.017","2.24","7.07","0.756","0.340","0.14","0.14","0.25","3.15","-4.23","-1.08","0.013"
"289","2026","Le Moyne","NEC","0.988","2.21","7.23","0.802","0.361","0.18","0.16","0.26","3.44","-2.83","0.62","0.055"
"290","2026","Norfolk St.","NEC","0.934","2.06","5.83","0.773","0.348","0.16","0.15","0.21","3.16","-3.40","-0.24","0.036"
"291","2026","Massachusetts","MAC","0.835","1.80","5.27","0.744","0.336","0.13","0.14","0.17","3.18","-0.34","2.85","0.147"
"292","2026","NJIT","America East","0.808","1.74","4.83","0.690","0.319","0.14","0.12","0.16","2.49","-0.52","1.97","0.098"
"293","2026","Presbyterian","Big South","0.942","1.95","5.63","0.720","0.323","0.13","0.13","0.22","3.23","-1.32","1.91","0.091"
"294","2026","Iona","MAAC","0.833","1.76","4.91","0.691","0.316","0.11","0.12","0.17","2.02","-1.80","0.21","0.046"
"295","2026","Lehigh","Patriot","0.890","1.90","5.09","0.710","0.321","0.11","0.13","0.19","2.88","0.22","3.10","0.160"
"296","2026","Central Conn. St.","NEC","0.898","2.01","5.86","0.737","0.336","0.16","0.13","0.20","2.54","-3.01","-0.47","0.029"
"297","2026","St. Thomas (MN)","Summit League","0.931","1.92","6.42","0.721","0.323","0.13","0.13","0.20","3.03","-1.10","1.93","0.095"
"298","2026","Mercyhurst","NEC","0.897","1.98","6.78","0.731","0.333","0.15","0.13","0.20","3.08","-1.33","1.76","0.081"
"299","2026","Mississippi Val.","SWAC","0.977","2.17","6.44","0.733","0.335","0.14","0.13","0.22","2.19","-4.39","-2.20","0.003"
"300","2026","Northern Colo.","Summit League","1.001","2.18","6.71","0.729","0.330","0.13","0.12","0.25","2.78","-3.15","-0.37","0.033"
"301","2026","UMES","NEC","1.018","2.25","7.62","0.782","0.357","0.15","0.15","0.25","3.01","-4.60","-1.59","0.006"
"302","2026","Alabama A&M","SWAC","0.910","2.02","5.96","0.764","0.347","0.13","0.15","0.20","2.82","-3.65","-0.83","0.019"
"303","2026","Coppin St.","NEC","0.974","2.46","6.93","0.740","0.341","0.15","0.13","0.24","2.69","-3.21","-0.52","0.026"
"304","2026","Prairie View","SWAC","0.949","2.17","6.02","0.743","0.335","0.13","0.14","0.23","2.58","-2.45","0.13","0.042"
"305","2026","Delaware St.","NEC","1.007","2.44","6.85","0.673","0.307","0.13","0.12","0.25","2.62","-3.59","-0.97","0.016"
"306","2026","Alcorn","SWAC","0.965","2.52","6.64","0.677","0.316","0.14","0.11","0.22","1.50","-4.16","-2.65","0.000"
"307","2026","New Haven","NEC","0.973","2.48","7.60","0.680","0.314","0.11","0.12","0.23","2.95","-1.54","1.41","0.072"
"308","2026","Saint Peter's","MAAC","0.962","2.31","7.47","0.665","0.301","0.12","0.11","0.23","2.26","-3.82","-1.57","0.010"